,Dish Name,Calories (kcal),Carbohydrates (g),Protein (g),Fats (g),Free Sugar (g),Fibre (g),Sodium (mg),Calcium (mg),Iron (mg),Vitamin C (mg)
0,Halwa Puri,420,52.0,7.0,20.0,8.0,2.1,380,45,1.8,1.2
1,Nihari,310,8.0,28.0,19.0,0.5,0.8,620,42,3.8,5.0
2,Paye,280,4.0,26.0,18.0,0.0,0.2,540,180,2.5,0.0
3,Shami Kebab,185,12.0,16.0,9.0,1.0,2.5,290,38,2.8,2.0
4,Chapli Kebab,270,6.0,22.0,18.0,0.5,1.2,480,35,3.2,8.0
5,Seekh Kebab,210,5.0,20.0,13.0,0.5,0.8,430,28,2.9,4.0
6,Karahi Gosht,290,7.0,25.0,18.0,1.0,0.9,510,48,3.1,12.0
7,Beef Biryani,385,48.0,22.0,12.0,1.5,1.8,680,55,3.5,6.0
8,Haleem,195,18.0,16.0,7.0,0.5,3.5,420,52,3.8,3.0
9,Daal Mash,165,22.0,10.0,4.0,0.5,5.0,320,60,3.2,5.0
10,Saag Gosht,245,9.0,22.0,14.0,0.5,3.8,490,120,4.2,20.0
11,Achari Gosht,265,8.0,23.0,16.0,0.5,1.0,580,42,3.0,8.0
12,Katakat,320,5.0,30.0,21.0,0.0,0.5,650,52,4.8,5.0
13,Tarka Daal,148,20.0,9.0,4.0,0.5,4.5,380,55,3.0,4.0
14,Aloo Gosht,230,18.0,18.0,10.0,0.5,2.2,460,45,2.8,12.0
15,Qorma,285,9.0,22.0,18.0,1.5,1.0,520,55,2.5,2.0
16,Rezala,260,8.0,20.0,17.0,2.0,0.5,480,48,2.2,1.0
17,Sajji,295,0.0,35.0,17.0,0.0,0.0,540,30,2.8,0.0
18,Dumpukht,310,35.0,24.0,10.0,1.0,1.5,580,50,3.0,5.0
19,Pulao,265,38.0,16.0,7.0,0.5,1.2,480,42,1.8,2.0
20,Sheermal,310,48.0,8.0,10.0,12.0,1.2,280,55,1.5,0.5
21,Roghni Naan,290,45.0,9.0,9.0,2.0,1.5,420,48,1.8,0.5
22,Tandoori Roti,165,32.0,6.0,2.0,0.5,2.5,280,30,1.5,0.0
23,Khameeri Roti,195,38.0,7.0,3.0,1.0,2.0,310,38,1.8,0.0
24,Paratha,280,35.0,6.0,14.0,0.5,2.0,320,35,1.5,0.5
25,Matar Pulao,230,40.0,7.0,5.0,0.5,2.5,380,38,1.5,8.0
26,Zarda,345,62.0,5.0,10.0,38.0,0.8,85,52,0.8,0.5
27,Gol Gappay,178,32.0,4.0,4.0,2.0,2.5,680,38,1.5,8.0
28,Dahi Puri,165,24.0,6.0,5.0,8.0,1.8,480,85,1.2,4.0
29,Chaat,195,28.0,5.0,8.0,5.0,2.2,520,65,1.5,6.0
30,Aloo Tikki Chaat,210,30.0,5.0,9.0,4.0,2.5,540,48,1.8,8.0
31,Bun Kebab,320,35.0,18.0,12.0,2.0,2.0,620,55,2.8,5.0
32,Samosa Chaat,285,35.0,7.0,13.0,3.0,2.8,680,60,2.0,6.0
33,Paratha Roll,380,42.0,18.0,16.0,1.0,2.2,580,55,2.5,4.0
34,Rooh Afza Sharbat,85,22.0,0.1,0.0,22.0,0.0,12,5,0.1,0.5
35,Sattu Drink,95,18.0,4.0,1.0,3.0,2.2,85,28,1.8,2.0
36,Lassi,145,20.0,5.0,5.0,18.0,0.0,65,180,0.2,1.0
37,Qehwa,12,1.5,0.3,0.1,1.2,0.2,5,8,0.1,0.5
38,Doodh Patti,95,10.0,4.0,4.0,8.0,0.0,48,135,0.1,0.5
39,Kheer,185,28.0,5.0,6.0,22.0,0.2,55,165,0.3,0.5
40,Gajar ka Halwa,265,38.0,5.0,11.0,28.0,2.2,85,88,0.8,4.0
41,Sohan Halwa,480,62.0,6.0,24.0,48.0,1.5,55,48,1.5,0.5
42,Phirni,165,25.0,4.0,5.0,18.0,0.2,45,135,0.2,0.5
43,Ras Malai,215,28.0,7.0,9.0,22.0,0.1,65,175,0.3,0.5
44,Jalebi,325,65.0,3.0,8.0,58.0,0.5,45,18,1.0,0.5
45,Barfi,355,52.0,8.0,14.0,48.0,0.5,55,145,0.8,0.5
46,Sewaiyan,235,35.0,5.0,9.0,22.0,0.5,55,120,1.0,0.5
47,Raita,95,10.0,4.0,4.0,3.0,0.5,320,145,0.3,1.0
48,Kachumber Salad,42,7.0,1.5,1.0,3.0,2.0,280,38,0.8,28.0
49,Imli Chutney,85,22.0,0.5,0.2,18.0,1.2,380,22,1.5,2.0
50,Podina Chutney,38,5.0,1.5,1.0,1.5,1.8,280,45,1.2,18.0
51,Achaar,55,5.0,0.8,4.0,1.0,1.5,980,18,0.8,5.0
52,Pakora,195,22.0,5.0,10.0,0.5,2.2,380,55,1.5,8.0
53,Namak Paray,420,52.0,8.0,20.0,0.5,2.0,480,25,1.8,0.5
54,Murgh Cholay,255,22.0,22.0,9.0,1.0,5.5,520,68,3.8,8.0
55,Daal Chawal,285,48.0,12.0,5.0,0.5,5.5,380,55,3.2,4.0
56,Makai ki Roti + Sarson ka Saag,320,45.0,10.0,11.0,0.5,5.0,420,145,4.5,35.0
57,Achari Chicken,505,14,39,32,8,4,571,124,3,27
58,Aloo Chana Chaat,283,52,10,5,19,9,755,145,3,22
59,Aloo Gosht,518,27,17,39,4,6,318,58,3,51
60,Aloo Palak,311,0,0,0,0,0,0,0,0,0
61,Aloo Tikki,113,22,3,2,2,3,422,31,2,19
62,Khagina,270,12,9,21,6,3,200,89,2,18
63,Egg Halwa,275,23,1,21,22,1,8,4,1,1
64,Apple Jam,57,15,1,1,13,1,1,3,1,2
65,Bajra Roti,336,60,10,6,0,0,300,37,7,0
66,Banana Jam,103,27,1,0.2,21,1,3,5,0.2,6
67,Bhindi,276,25,4,20,10,8,725,142,2,51
68,Black Cherry Ice Cream,235,9,2,22,5,1,25,48,1,7
69,Bohra Fried Chicken,519,10,31,39,2,2,496,73,3,9
70,Kaari Chawal,871,71,22,57,5,5,115,101,3,15
71,Bohra Kaari Masala,91,5,4,7,0.4,2,203,51,1,0.2
72,Bohra Kalamra,544,92,12,16,59,2,108,304,1,2
73,Mutton Soup,117,7,3,9,3,1,40,94,1,1
74,Keema Khichri,715,61,25,42,6,15,104,97,5,42
75,Ketchup Chicken,553,16,46,33,8,2,1000,85,2,10
76,Coffee Ice Cream,150,4,1,15,3,0,14,36,0.1,0.2
77,Brownie,168,23,3,9,14,2,53,17,1,0
78,Chapli Kabab,239,54,4,2,36,4,584,33,2,4
79,Cherry Jam,55,14,1,1,13,1,1,4,1,3
80,Chicken Pasta,907,105,46,35,14,6,679,286,3,8
81,Chicken Boti,128,6,3,11,1,2,92,54,1,5
82,Chicken Bread,563,70,22,21,6,4,845,189,5,8
83,Dynamite Chicken,730,34,32,51,4,2,1699,64,2,2
84,Chicken Egg Roll,198,13,8,13,1,1,238,16,1,7
85,Chicken Haleem,334,31,18,16,1,7,342,42,2,3
86,Chicken Handi,374,12,14,30,6,2,231,93,2,17
87,Chicken Korma,400,13,25,28,5,3,358,119,2,9
88,Spicy Chicken Lettuce Wraps,165,15,14,6,9,1,608,15,1,15
89,Chicken Nihari,446,12,29,31,2,1,129,63,2,13
90,Homemade Chicken Nuggets with Ground Chicken,139,13,7,6,1,1,243,41,1,1
91,Chicken Pakora,439,22,26,27,3,3,633,42,2,5
92,Chicken Samosa,132,3,5,11,1,1,171,10,0.5,3
93,Walnut Brownie,272,31,2,16,29,1,17,26,1,0.05
94,Cinnamon Spice Tea,83,22,1,0.3,18,1,20,34,1,6
95,Coconut Balls,155,11,2,13,8,3,15,23,1,0.4
96,Coffee Ice Cream,150,4,1,15,3,0,14,36,0.1,0.2
97,Date Balls,44,8,1,1,6,1,1,11,1,1
98,Date Roll,56,9,1,2,7,1,3,17,1,1
99,Bohra Kharak,43,7,1,1,6,1,10,29,1,1
100,Dried Dates Pudding,240,26,7,13,22,2,79,142,1,0.2
101,Dulce De Leche Mousse,282,26,5,18,8,1,181,45,1,1
102,Dum Ka Keema,424,11,3,42,5,2,499,108,1,5
103,Eggplant Fries,358,42,11,16,4,2,788,118,3,0.02
104,Gajar Ka Halwa,457,41,12,29,20,3,220,414,1,7
105,Gol Papdi,288,35,3,15,17,1,1,10,1,0.1
106,Grape Jam,53,14,1,1,13,1,1,4,1,2
107,Green Chutney,14,1,1,1,1,0.2,102,25,0.2,1
108,Mutton Paya,177,6,1,17,1,1,17,23,1,2
109,Guava Jam,47,11,1,1,10,1,1,5,1,48
110,Haleem,374,35,19,18,3,7,205,56,3,6
111,Hariyali Chicken Tikka,204,13,10,13,10,1,13559,120,1,5
112,Easy Hoisin Sauce,52,3,2,4,2,0.3,240,5,0.2,0.3
113,Homemade Tomato Ketchup From Fresh Tomatoes,16,4,0.2,0.1,3,0.3,52,5,0.1,3
114,Oreo Cookie Ice Cream,304,28,4,20,23,1,116,103,2,1
115,Salted Caramel Sauce,112,13,1,7,12,0,113,6,1,1
116,Dulce De Leche,79,13,2,2,13,0,31,70,1,1
117,Hummus,319,21,8,24,4,6,302,137,3,4
118,Imli Aloo Bukharay Ka Sharbat,115,30,1,1,27,1,7,16,1,1
119,Indian Butter Chicken,444,10,28,33,4,3,827,91,3,6
120,Chicken Burger Patty,510,36,19,32,11,2,1312,112,3,7
121,Kaleji Fry Masala,504,10,27,39,3,2,874,48,7,11
122,Karak Chai,114,19,3,3,16,1,59,135,0.5,1
123,Kashmiri Chicken,437,13,18,35,3,2,80,71,2,73
124,Keema Naan,843,90,32,39,6,7,1649,158,8,7
125,Keema Samosa,118,21,2,3,13,1,285,15,1,3
126,Kiwi Jam,60,15,1,1,14,1,1,9,1,24
127,Karahi Gosht,349,14,17,26,7,4,540,57,3,33
128,Mutton Leg Roast,385,4,45,20,2,1,534,74,5,45
129,Lemon Mousse Cake,336,40,8,17,37,1,98,218,0.4,9
130,Homemade Lemon Ice Cream,258,22,4,18,18,0.4,74,103,0.3,6
131,Mango Jam,48,12,1,1,12,1,1,3,1,10
132,Mango Kulfi,283,27,5,18,26,1,66,160,1,20
133,Chocolate Cold Cake,123,21,4,4,13,2,107,49,1,0.1
134,Mix Sabzi,274,7,2,28,2,3,55,31,1,10
135,Carrot Bundt Cake,463,0,0,0,0,0,0,0,0,0
136,Kofta Curry,640,17,23,53,6,4,768,105,4,13
137,Yakhni Pulao,709,91,22,29,6,7,737,125,4,28
138,Nihari Masala,22,4,1,1,1,2,634,42,1,1
139,Nihari,534,11,25,44,3,3,525,120,4,12
140,Oreo Balls with Condensed Milk,108,16,1,5,12,1,50,27,1,1
141,Pakistani Chicken Biryani,590,90,9,21,2,4,1422,86,2,4
142,Chicken Karahi,342,10,13,29,5,3,644,50,2,62
143,Chicken Tikka,361,7,42,18,2,2,1687,83,4,14
144,Keema cutlets,133,8,7,8,1,1,107,40,1,2
145,Shami Kabab,171,10,8,11,2,3,167,23,1,19
146,Paneer Reshmi Chicken Handi,615,33,23,44,24,2,24320,354,2,78
147,Papaya Jam,44,11,1,1,11,1,2,6,1,18
148,Peach Ice Cream,272,26,4,18,24,1,57,124,1,7
149,Peach Jam,48,12,1,1,12,1,1,2,1,2
150,Peach Juice,154,40,1,1,38,1,15,12,1,11
151,Pear Jam,80,20,1,1,18,1,1,4,1,2
152,Plum Juice,272,70,1,1,69,1,1,5,1,9
153,Plum Ice Cream,260,23,4,18,22,1,57,122,1,5
154,Plum Jam,63,16,1,1,16,1,1,2,1,3
155,Potato Cheese Balls,85,8,2,5,1,1,167,44,1,5
156,Mango Delight,266,23,4,19,21,1,57,106,1,16
157,Rocky Road Ice Cream,368,27,7,28,22,3,67,161,1,1
158,Sarson Ka Saag Pakistani,204,0,0,0,0,0,0,0,0,0
159,Chicken Crepes,435,26,23,26,8,1,475,293,2,3
160,Chicken Seekh Kabab,76,4,7,4,1,1,200,26,1,3
161,Beef Seekh Kebab,475,9,31,35,2,3,1438,116,6,5
162,Sheer Khurma,332,45,9,14,24,2,119,270,1,1
163,Indian Shepherd's Pie,669,62,29,35,8,8,1084,279,5,70
164,Soft Roti,89,14,3,3,0.1,2,130,7,1,0
165,Spicy Chicken Sandwich,935,60,37,60,7,2,1121,189,13,3
166,Spicy Mongolian Beef,455,24,24,29,16,1,1013,48,3,1
167,Homemade Strawberry Ice Cream with Condensed Milk,203,17,3,14,16,1,46,100,1,17
168,Strawberry Jam without Pectin,42,11,1,1,10,1,1,4,1,16
169,Thai Chicken Satay,444,18,39,25,12,2,1086,47,2,11
170,Thai Red Curry Chicken,435,14,29,31,3,2,747,47,3,8
171,Tikka Paratha Roll Bake,792,46,18,59,25,3,921,190,1,95
172,Tomato Jam,32,8,0.3,0.1,7,0.4,113,8,0.2,4
173,Easy Tom Kha Gai,354,18,16,26,4,1,1452,48,4,9
174,Vegetable Biryani,304,50,6,9,5,5,53,55,2,30
175,Vegetable Samosa,305,41,6,13,1,2,497,30,3,4
176,White Chicken Korma,267,8,14,20,3,2,79,72,3,4
177,White Chicken Karahi,531,5,24,45,3,1,136,110,2,3
178,Hot tea,16.14,2.58,0.39,0.53,2.58,0.0,3.12,14.2,0.02,0.5
179,Instant coffee,23.16,3.65,0.64,0.75,3.62,0.0,4.92,20.87,0.06,1.51
180,Espreso coffee,51.54,6.62,1.75,2.14,6.53,0.0,13.98,58.1,0.15,1.51
181,Iced tea,10.34,2.7,0.03,0.01,2.7,0.0,0.23,1.18,0.02,5.95
182,Raw mango drink,35.92,9.05,0.16,0.03,7.49,0.61,79.82,7.08,0.14,45.3
183,Fruit Punch,36.12,9.38,0.14,0.03,9.25,0.06,2.63,5.07,0.1,41.44
184,Fruit Punch,23.13,5.99,0.07,0.02,5.88,0.17,2.26,3.3,0.06,15.08
185,Lemonade,20.8,5.48,0.03,0.01,5.47,0.02,28.52,1.84,0.05,5.27
186,Lem-o-gin,21.52,5.55,0.08,0.03,5.38,0.13,28.13,2.2,0.09,5.68
187,Cumin infused water,9.09,1.86,0.17,0.11,1.46,0.46,189.6,10.84,0.32,3.61
188,Coco pine cooler,32.75,5.72,0.56,1.0,5.52,0.26,23.2,17.81,0.13,10.67
189,Summer cooler,22.43,5.43,0.37,0.04,5.21,0.2,1.57,8.13,0.28,103.5
190,Hot cocoa,90.1,9.23,3.36,4.56,9.01,0.0,24.2,113.66,0.31,3.62
191,Cold coffee with ice cream,67.85,11.24,1.57,2.11,11.18,0.01,13.84,53.29,0.12,2.53
192,Banana milkshake,65.31,9.15,1.84,2.37,7.96,0.26,13.61,62.64,0.13,6.84
193,Mango milkshake,56.9,7.23,1.73,2.35,7.15,0.26,13.27,62.33,0.15,20.1
194,Pineapple milkshake,55.72,7.62,1.66,2.23,7.6,0.0,14.05,59.92,0.11,10.22
195,Orange milkshake,57.42,7.11,1.86,2.52,7.08,0.0,14.63,67.42,0.11,10.82
196,Egg nog,97.14,8.15,4.78,5.11,8.06,0.02,40.65,102.13,0.43,4.82
197,Sweet Lassi,35.66,6.51,1.29,0.68,6.51,0.0,18.31,45.65,0.03,1.0
198,Lassi,18.84,1.86,1.35,0.72,1.84,0.02,65.4,47.78,0.04,1.02
199,Cheese and chilli sandwich,218.11,27.4,6.8,9.78,2.38,2.08,437.5,113.79,0.99,12.3
200,Egg sandwich,285.96,29.16,8.69,15.8,1.86,1.88,461.67,110.13,1.44,0.0
201,Cucumber sandwich,188.6,25.77,4.8,8.0,1.64,2.45,362.64,87.84,1.02,1.53
202,Cheese and pineapple sandwich,257.71,29.1,8.2,12.8,4.1,2.33,571.96,199.73,1.04,3.64
203,Cheese and tomato sandwich,243.32,26.92,7.92,12.27,2.85,1.97,549.71,191.2,1.0,3.16
204,Chicken sandwich,253.27,25.38,13.12,11.75,1.6,1.64,389.67,89.56,1.19,0.0
205,Peanut and tomato sandwich,291.43,28.54,9.53,16.14,2.82,4.03,364.99,94.03,1.58,3.16
206,Rainbow sandwich,272.75,34.26,7.75,12.54,4.05,2.1,612.49,172.04,1.2,1.01
207,Club sandwich,235.32,18.51,7.31,15.12,2.01,1.81,461.66,115.68,0.86,6.0
208,Vegetarian club sandwich,198.33,19.68,5.45,11.33,2.08,2.06,305.36,122.44,0.77,6.0
209,Pin wheel sandwich,311.52,14.0,8.77,24.93,1.45,0.93,374.39,67.75,1.36,0.0
210,Carrot apple sandwich,214.11,29.04,5.3,9.12,5.3,3.66,302.88,118.05,1.8,2.7
211,Vegetable and mayonnaise sandwich,244.26,23.2,4.47,15.4,2.35,2.35,342.7,79.53,0.91,12.9
212,Egg and tomato sandwich,222.11,25.9,7.66,10.51,2.09,1.77,423.26,95.71,1.3,1.98
213,Sweet open sandwich,244.25,39.24,4.99,8.15,12.23,2.36,205.27,85.18,1.15,1.65
214,Mushroom and cheese sandwich,227.42,21.01,7.79,13.01,2.11,2.28,456.57,172.35,0.84,0.0
215,Cheese and tomato sandwich,224.58,21.42,6.82,12.95,2.67,1.78,457.94,169.22,0.82,6.32
216,Pea potato sandwich,164.9,25.17,4.6,5.43,1.33,2.89,262.63,64.15,1.11,14.11
217,Paneer pea sandwich,249.56,24.05,12.4,11.98,6.4,2.12,268.9,274.1,1.26,4.85
218,Chicken sandwich,167.37,18.82,12.08,5.32,2.13,1.64,327.55,99.99,0.99,12.97
219,Pea keema sandwich,171.78,20.26,11.06,5.61,1.94,2.45,290.07,70.79,1.51,5.5
220,Classic club sandwich,200.83,18.49,6.74,11.56,1.86,1.62,277.49,107.73,1.09,16.19
221,Sesame toast,495.19,11.15,1.9,49.38,1.46,1.32,128.78,43.44,0.72,6.92
222,Cracked wheat porridge,81.57,8.87,2.64,4.08,5.12,0.62,15.89,75.88,0.32,5.03
223,Semolina porridge,100.89,12.39,3.75,4.08,7.54,0.7,23.21,108.52,0.36,5.03
224,Oatmeal Porridge,72.85,8.77,2.6,3.22,5.2,0.39,16.14,76.83,0.28,5.03
225,Cornflakes with milk,117.33,14.95,3.59,5.12,9.97,0.78,26.55,106.47,0.42,4.82
226,Rice flakes,112.44,15.57,3.62,3.99,7.28,0.37,22.4,103.15,0.62,4.82
227,Wheat flakes,112.44,15.57,3.62,3.99,7.28,0.37,22.4,103.15,0.62,4.82
228,Murmura,113.32,15.67,3.62,4.04,7.31,0.28,22.52,103.79,0.63,4.82
229,Puffed wheat,113.32,15.67,3.62,4.04,7.31,0.28,22.52,103.79,0.63,4.82
230,Boiled egg,45.35,0.12,4.43,3.04,0.0,0.11,170.94,17.75,0.64,0.0
231,Fried Egg,223.67,0.31,11.59,19.62,0.0,0.29,446.96,46.4,1.69,0.0
232,Poached egg,123.87,0.37,11.98,8.19,0.05,0.3,1163.07,48.24,1.75,0.0
233,Scrambled egg,155.97,1.35,10.29,12.21,1.08,0.24,374.66,64.59,1.42,0.3
234,Baked egg,218.85,15.42,11.88,12.65,1.66,1.03,523.29,164.05,1.48,0.0
235,Plain omelette/omlet,272.41,0.64,9.66,25.74,0.51,0.12,226.18,48.4,1.35,0.3
236,Stuffed egg omelette/omlet,203.51,2.3,8.6,17.77,1.57,0.75,267.19,89.91,0.91,8.29
237,Pancake,203.36,20.49,5.68,10.82,3.32,0.65,143.7,79.49,0.69,0.5
238,Keema pancake,176.27,9.56,9.01,11.25,2.2,0.84,125.4,40.96,0.93,4.64
239,Vegetable pancake,125.18,12.24,3.87,6.57,2.09,2.48,116.69,42.89,0.79,20.63
240,Jam and fruit pancake,162.02,20.73,3.79,7.01,7.85,1.21,93.09,54.06,0.52,6.48
241,Khoa and coconut pancake,271.98,27.32,6.98,15.29,16.47,1.65,101.0,157.22,1.12,0.73
242,Brown stock,21.32,0.25,1.95,1.38,0.14,0.09,44.6,17.16,0.3,1.5
243,Vegetable stock,17.6,0.96,0.3,1.38,0.44,0.38,49.75,5.08,0.12,7.58
244,Chicken stock,29.88,0.37,3.69,1.51,0.2,0.1,58.58,3.57,0.18,0.84
245,Clear tomato soup,80.07,3.45,4.79,12.22,1.44,1.96,5135.74,29.05,1.14,53.16
246,Lentil soup,31.17,3.94,9.65,11.68,1.06,2.57,10418.84,40.57,2.26,17.9
247,Chicken consomme,47.94,1.19,11.47,12.02,0.54,1.57,8953.64,35.48,1.82,2.1
248,Cream of tomato soup,97.81,3.93,4.61,13.12,1.81,1.38,4461.22,39.61,0.95,53.23
249,Cream of green peas soup,127.84,6.75,7.13,14.78,1.61,2.95,4999.7,51.01,1.48,52.28
250,Cream of spinach soup,100.54,3.45,5.21,13.31,1.13,1.74,4429.81,70.77,2.1,63.34
251,Cream of mixed vegetable soup,59.65,4.93,6.84,9.05,2.1,2.14,5655.45,65.26,1.36,39.02
252,Cream of mushroom soup,117.28,3.74,6.64,15.5,1.93,1.34,5276.06,70.56,1.81,5.79
253,Chicken sweet corn soup,28.32,1.63,14.48,12.59,0.27,0.47,12205.33,91.5,3.83,2.02
254,Minestrone soup,42.66,3.71,9.3,11.09,1.01,1.92,8875.06,53.55,1.82,19.43
255,Egg drop soup,26.64,1.1,12.93,13.52,0.6,0.81,12418.84,100.14,3.93,8.51
256,Chinese cabbage and meat ball soup,484.31,1.43,5.21,56.57,0.37,0.57,4249.41,41.07,1.52,16.72
257,Hot and sour soup,31.51,1.78,3.12,1.31,0.66,0.6,163.26,10.68,0.43,24.59
258,Talaumein soup,35.63,4.17,10.12,12.78,0.77,1.94,11088.14,42.33,2.23,12.62
259,Cold cucumber soup,48.03,4.58,2.99,1.99,3.34,0.88,121.32,99.79,0.32,5.05
260,Cold summer garden soup,49.19,2.65,8.57,14.08,0.46,1.86,9919.62,43.93,2.13,16.3
261,Chapati/Roti,202.31,35.65,5.88,3.56,1.0,6.31,1.16,17.22,2.28,0.0
262,Plain parantha/paratha,298.3,30.69,5.06,16.86,0.86,5.43,62.07,14.81,1.98,0.0
263,Potato parantha/paratha,205.04,23.92,3.7,10.22,1.15,4.18,127.2,17.38,1.52,7.98
264,Radish parantha/paratha,183.52,20.54,3.3,9.53,1.31,4.32,127.03,23.75,1.39,8.44
265,Cauliflower parantha/paratha,178.07,18.84,3.73,9.47,1.15,4.68,190.03,22.0,1.59,17.61
266,Dal parantha/paratha,268.24,30.03,6.78,13.05,1.43,6.46,156.13,23.89,2.45,1.8
267,Sprouted moong parantha/paratha,228.59,24.31,4.29,12.43,1.47,4.49,153.94,20.33,1.94,2.0
268,Pea parantha/paratha,190.73,21.51,5.59,8.8,1.29,5.61,109.99,23.49,1.78,17.8
269,Keema parantha/paratha,238.09,18.36,9.41,13.91,0.99,3.44,140.62,19.35,1.8,1.8
270,Paneer parantha/paratha,262.97,24.33,7.98,14.62,3.77,4.0,142.52,127.65,1.7,1.69
271,Besan and spinach parantha/paratha,216.49,21.39,5.54,12.09,1.31,4.39,177.19,33.07,1.85,6.65
272,Poori,737.63,8.22,1.35,77.61,0.23,1.46,31.73,3.98,0.6,0.0
273,Spinach poori,684.25,7.76,1.42,71.86,0.24,1.55,35.47,10.02,0.79,3.03
274,Methi poori,710.02,7.98,1.45,74.6,0.26,1.61,35.37,14.61,0.81,2.91
275,Dal stuffed poori,785.16,10.14,2.08,81.69,0.29,1.96,128.18,6.88,0.83,0.42
276,Potato stuffed poori,776.74,9.4,1.52,81.35,0.26,1.64,69.86,5.57,0.7,1.39
277,Tandoori parantha/paratha,295.37,30.74,5.08,16.51,0.86,5.44,1.14,14.98,1.96,0.0
278,Boiled rice,117.19,25.72,2.6,0.18,0.22,1.25,1.05,2.7,0.24,0.0
279,Plain pulao,140.21,21.82,2.34,4.62,1.15,1.69,193.76,12.76,0.41,3.42
280,Mixed vegetable pulao,113.05,17.49,2.72,3.33,1.35,2.67,187.92,19.61,0.6,26.15
281,Mushroom pulao,124.29,19.02,2.52,4.03,1.0,1.88,222.36,13.54,0.39,3.42
282,Sprouted moong pulao,112.97,17.49,2.19,3.61,1.43,1.78,153.16,16.26,0.65,7.53
283,Paneer pulao,581.91,8.76,1.98,59.81,1.11,0.62,72.28,33.09,0.26,3.42
284,Peanut pulao,193.28,21.18,5.32,9.51,1.6,2.9,168.4,18.52,0.83,3.42
285,Navratan pulao,261.71,36.98,6.2,9.45,2.52,3.82,334.26,59.61,1.1,12.89
286,Green chickpeas pulao,173.43,27.57,4.88,4.82,2.48,3.15,170.05,18.94,0.95,5.43
287,Mutton biryani/biriyani,190.76,22.5,7.38,7.72,2.39,2.42,262.64,68.58,1.29,10.28
288,Vegetable biryani/biriyani,174.61,18.56,3.16,9.51,2.14,3.31,183.79,33.52,0.86,39.35
289,Lemon rice,176.3,21.62,4.26,7.88,0.78,2.52,187.11,12.7,0.77,10.2
290,Sweet rice,215.41,42.59,2.1,4.57,24.8,1.13,3.2,11.38,0.34,0.21
291,Curd rice,195.74,32.93,5.75,4.32,3.91,2.13,213.29,101.52,0.59,5.1
292,Tamarind rice,373.04,65.08,7.45,8.53,11.65,5.12,162.41,50.94,2.89,0.84
293,Spanish rice,164.24,31.1,4.19,2.23,1.26,2.78,96.61,18.93,0.92,48.66
294,Chinese fried rice,120.58,13.4,4.05,5.43,1.47,2.31,248.36,34.7,0.99,67.39
295,Vegetable chowmein,129.71,15.44,3.07,6.36,1.97,1.86,258.47,28.33,0.99,85.39
296,Chicken chowmein,151.33,13.3,6.33,8.23,1.63,1.64,288.15,26.1,0.89,84.96
297,Cheese noodle ring,133.67,13.96,6.22,6.12,2.84,1.27,241.96,99.3,0.79,24.19
298,Spaghetti and cheese balls in tomato sauce,508.32,7.82,2.41,52.08,1.83,0.59,104.14,40.59,0.32,57.67
299,Penne platter,177.4,20.87,5.04,8.71,4.5,1.09,283.37,67.67,0.9,16.35
300,Pasta hot pot,125.17,11.6,5.84,6.47,5.99,0.8,231.17,55.28,0.82,58.74
301,Naan,286.45,51.75,8.05,4.99,5.59,1.91,326.11,88.01,1.29,0.23
302,Bhatura,793.2,10.73,1.63,82.56,0.69,0.38,28.3,12.12,0.33,0.05
303,Paneer kaathi roll,285.94,20.1,6.92,19.55,3.29,2.4,221.03,101.66,1.42,18.67
304,Makki ki roti,263.97,24.19,3.49,16.85,0.7,5.19,236.22,14.76,1.11,1.99
305,Washed moong dal,50.0,5.91,2.68,1.68,0.12,1.17,150.64,8.48,0.64,0.04
306,Washed urad dal,61.32,5.84,2.51,2.98,0.32,1.53,142.21,10.24,0.72,0.99
307,Split bengal gram with bottle gourd,73.25,7.1,2.79,3.6,1.05,2.72,149.47,14.33,0.99,15.2
308,Dry washed urad,124.71,15.66,6.85,3.5,0.73,4.06,295.79,27.08,1.89,1.46
309,Mixed dal,61.93,5.79,2.51,3.1,0.34,1.62,141.36,11.0,0.78,1.1
310,Whole moong,53.7,5.22,2.25,2.56,0.59,2.02,123.86,13.58,0.68,11.04
311,Whole masoor,54.05,5.37,2.28,2.52,0.67,1.98,123.72,12.2,0.95,11.04
312,Whole moth,55.0,5.74,2.01,2.62,0.66,1.85,125.08,18.98,0.95,11.04
313,Whole urad,53.8,5.05,2.21,2.62,0.57,2.32,126.12,13.07,0.78,10.28
314,Moti mahal dal,103.13,8.74,3.93,5.66,1.7,3.38,157.61,38.13,1.05,15.45
315,Black channa curry/Bengal gram curry,140.68,14.11,5.67,6.61,2.36,7.99,358.63,53.87,2.43,15.13
316,Chickpeas curry,163.43,19.98,6.1,6.84,4.78,4.73,357.99,30.61,1.82,16.33
317,Lobia curry,148.99,17.88,6.06,5.62,2.51,4.57,355.41,36.8,2.21,15.13
318,Soyabean curry,163.28,6.76,10.43,10.19,2.66,7.34,352.69,65.13,2.79,15.13
319,Kidney bean curry,143.73,16.38,5.95,5.77,2.49,5.83,354.6,47.87,2.27,16.33
320,Besan kadhi with pakodies,403.35,3.56,1.64,42.59,0.88,0.81,60.8,24.53,0.38,4.17
321,Khatta channa,202.57,21.14,6.3,10.56,4.75,5.26,513.32,40.77,1.94,20.89
322,Sprouted moong dal chat,32.47,6.01,1.35,0.32,1.57,1.35,87.07,16.54,0.88,38.78
323,Potato cauliflower,106.18,5.99,1.9,8.13,0.44,3.02,254.76,22.87,1.07,61.11
324,Potato capsicum,125.53,8.72,1.41,9.33,0.54,2.02,277.92,16.45,0.86,81.26
325,Cabbage and peas,63.88,6.24,3.24,2.64,0.97,3.99,253.73,45.5,1.1,54.84
326,Carrot and fenugreek leaves,61.92,4.17,2.1,3.81,2.11,4.43,262.91,128.83,2.72,51.83
327,Potato fenugreek,135.15,8.47,2.25,10.04,0.54,2.93,221.93,107.8,2.53,68.76
328,Brinjal bhartha,65.12,4.4,1.38,4.48,1.82,3.27,132.15,17.85,0.48,24.05
329,Dry potato,103.15,14.38,1.62,4.18,0.33,1.88,199.99,17.2,0.83,23.23
330,Beans with coconut,131.63,4.39,2.62,11.39,2.06,5.59,271.65,51.92,1.34,6.03
331,Cauliflower with coconut,132.11,3.99,2.64,11.56,1.71,5.27,286.06,35.37,1.33,51.79
332,Carrot and cabbage with coconut,106.61,4.99,1.82,8.62,2.36,4.52,219.6,48.63,0.84,41.01
333,Raw turnip with coconut,132.15,5.78,1.8,11.47,4.4,2.79,275.55,50.65,0.82,21.65
334,Raw papaya with coconut,132.75,5.58,1.54,11.42,3.82,4.31,270.56,33.74,0.82,25.38
335,Stuffed okra,94.34,3.85,2.08,7.66,0.48,4.15,210.03,86.89,1.18,22.65
336,Stuffed round gourd,72.8,4.02,1.1,5.75,1.96,2.1,180.15,20.21,0.59,37.36
337,Stuffed capsicum,90.94,8.26,1.34,5.7,1.21,2.01,173.94,15.17,0.61,74.25
338,Stuffed brinjal,93.0,3.96,1.53,7.73,0.92,4.09,212.88,24.37,0.75,1.13
339,Stuffed tomatoes,93.35,6.19,3.28,6.06,2.68,2.2,165.85,59.16,0.62,28.23
340,Pea potato curry,100.92,9.74,3.48,5.13,1.86,3.61,154.83,21.1,1.02,70.01
341,Pea paneer curry,134.83,9.29,6.61,7.75,3.89,3.3,157.34,105.2,1.08,58.44
342,Pea mushroom curry,93.3,7.41,3.87,5.16,1.82,3.86,155.48,22.7,0.97,58.44
343,Pea curry,102.99,9.2,4.51,5.11,1.98,4.44,154.75,24.48,1.2,77.64
344,Pea vadi curry,101.95,8.9,4.64,5.08,1.92,4.28,149.51,23.62,1.2,77.64
345,Paneer curry,176.52,8.4,7.8,12.38,6.29,1.4,216.09,189.06,0.81,20.04
346,Lotus stem curry,110.34,9.24,1.53,7.25,2.09,3.14,217.05,26.59,1.71,40.01
347,Gravy for kofta,125.59,6.31,1.75,10.35,3.73,1.96,312.86,39.65,0.75,17.05
348,Pea kofta curry,595.66,4.17,2.01,63.39,0.88,1.7,83.07,13.84,0.56,74.66
349,Spinach kofta curry,571.78,3.56,1.09,61.49,0.82,0.92,104.51,29.31,0.83,64.05
350,Paneer kofta curry,670.91,3.27,2.39,72.06,1.98,0.4,121.72,59.49,0.34,17.06
351,Lotus stem kofta curry,633.56,5.01,0.96,67.76,0.88,1.01,108.61,19.31,0.65,38.6
352,Raw banana kofta curry,627.27,3.4,0.62,67.98,2.3,0.59,88.4,9.23,0.28,23.63
353,Cauliflower kofta curry,641.1,2.62,1.04,69.62,0.83,1.0,93.65,12.26,0.4,53.98
354,Cabbage kofta curry,639.81,2.87,0.98,69.4,0.89,0.9,92.85,15.46,0.34,43.56
355,Ghiya/Lauki Kofta Curry,638.71,2.71,0.89,69.4,0.82,0.83,91.43,11.64,0.33,21.87
356,Spinach paneer kofta curry,606.03,2.94,1.43,65.41,1.16,0.75,99.37,37.71,0.68,47.34
357,Vegetarian egg kofta curry,627.41,4.26,1.33,67.24,1.19,0.64,95.89,28.39,0.39,35.58
358,Baked vegetables,88.99,8.44,3.67,4.44,2.56,2.34,124.7,80.2,0.62,47.05
359,Cauliflower musallam,58.83,4.48,1.89,3.55,1.71,3.06,123.36,24.61,0.83,71.44
360,Baked vegetables with spinach,77.79,6.93,3.22,4.03,2.09,2.33,122.85,78.63,1.16,78.95
361,Baked potato with skin,135.77,11.11,3.43,8.5,1.66,1.2,354.5,90.06,0.5,11.88
362,Baked brinjal in tomato sauce,38.63,4.13,1.58,1.62,2.2,2.34,79.66,26.24,0.32,68.38
363,Dum aloo,682.33,3.33,0.7,74.01,0.71,0.68,183.85,16.49,0.36,29.39
364,Spinach paneer,77.68,4.43,4.03,4.76,2.55,1.91,166.87,113.25,1.85,60.21
365,Methi chaman,475.62,2.78,1.54,50.91,1.79,0.53,54.94,60.57,0.63,63.26
366,Sarson ka saag,87.84,5.33,3.0,5.86,0.75,3.69,165.45,134.41,2.43,59.58
367,Jackfruit sabzi,625.4,3.4,0.69,67.6,2.59,1.02,58.95,9.85,0.27,14.11
368,Al yakhani,147.54,4.65,2.86,13.14,3.56,1.27,206.24,103.88,0.46,5.41
369,Shahi paneer,156.5,6.64,5.06,12.34,5.01,1.4,215.35,125.38,0.62,30.83
370,Paneer in butter sauce,145.61,9.7,6.99,8.81,7.49,1.5,151.45,170.59,0.85,18.02
371,Methi malai paneer,194.98,8.15,7.34,14.76,6.0,1.47,221.16,183.96,0.77,13.6
372,Chilli paneer,777.51,3.31,2.1,84.01,1.5,0.5,89.04,42.9,0.36,4.87
373,Paneer makhana korma,775.82,4.63,3.24,82.76,1.84,0.21,77.01,72.89,0.55,0.64
374,Kadhai Paneer,107.99,7.34,4.33,6.81,5.54,2.07,144.33,91.53,0.65,85.83
375,Roghan josh,139.59,4.93,9.56,9.02,2.66,2.08,204.31,112.33,1.77,12.41
376,Spinach mutton,80.32,3.45,5.74,4.71,1.42,2.23,121.1,96.88,2.38,88.11
377,Pea keema curry,133.0,6.24,8.43,8.14,1.82,2.96,148.38,35.6,1.35,55.62
378,Keema kofta curry,154.45,5.64,9.77,10.39,2.14,1.51,311.51,49.89,1.25,2.43
379,Mutton yakhni,104.13,0.84,8.27,7.7,0.13,0.67,101.02,88.61,1.66,0.09
380,Chicken yakhni,99.0,0.78,10.66,6.1,0.12,0.62,97.38,28.24,0.93,0.09
381,Mutton do piaza,183.3,4.14,9.39,14.41,2.9,1.93,118.62,118.61,1.63,7.42
382,Mutton chops,663.64,1.48,4.03,71.31,0.42,0.17,51.03,36.18,0.64,3.75
383,Shammi kebab,685.69,3.54,4.52,72.61,0.31,1.05,54.27,13.11,0.75,1.64
384,Scotch egg,676.89,1.91,4.05,72.62,0.3,0.36,90.67,15.03,0.6,2.59
385,Chicken curry,129.22,3.38,11.79,7.57,1.79,1.41,108.0,27.29,0.87,16.79
386,Tandoori chicken,145.2,2.34,16.26,7.93,1.58,0.5,158.0,44.33,0.9,39.53
387,Butter chicken,137.0,3.74,10.92,8.7,2.37,1.32,26.21,25.28,0.92,32.65
388,Chicken kebab,729.41,1.11,3.71,78.89,0.24,0.21,69.76,3.46,0.28,0.41
389,Chilli chicken,198.83,2.86,9.57,16.56,0.93,0.99,223.75,12.97,0.66,55.19
390,Fried chicken with tomato sauce,125.03,2.51,11.48,7.61,1.16,1.13,107.56,16.09,0.64,10.78
391,Fish curry,111.13,3.77,8.76,6.69,2.02,1.89,184.71,52.06,1.09,22.48
392,Fried fish,658.54,5.4,4.35,68.88,0.4,0.61,156.94,11.11,0.56,7.22
393,Fried fish and Chips,651.75,2.77,3.36,69.69,0.17,0.29,72.73,6.56,0.26,22.16
394,Tomato fish,489.79,3.18,2.39,51.91,1.35,0.72,91.47,6.46,0.24,75.09
395,Baked fish with cheese sauce,113.96,4.06,8.64,7.02,3.22,0.08,209.48,115.64,0.26,9.97
396,Fish tikka,117.33,3.91,16.0,4.15,1.18,1.18,503.44,31.98,1.41,0.9
397,Tandoori fish,95.98,2.37,11.19,4.64,1.6,0.58,123.94,37.27,0.46,19.66
398,"Paneer, apple and pineapple salad",95.08,8.35,3.88,5.07,6.36,1.65,176.63,103.05,0.84,25.3
399,Russian salad,114.83,6.5,4.26,7.84,1.66,2.57,101.09,34.92,1.23,49.56
400,Pasta salad,190.36,12.7,4.15,13.92,2.6,0.96,152.31,66.74,0.81,38.78
401,Deviled egg,98.56,2.23,4.97,7.72,0.82,1.15,117.29,36.84,1.51,18.42
402,Hawain salad,175.23,14.35,4.27,11.37,5.24,3.93,64.92,61.03,1.12,51.75
403,Mixed pulse and vegetable salad,83.12,13.96,4.74,0.84,1.36,2.96,127.78,51.63,2.13,23.82
404,Sprouted moong salad,37.81,5.48,2.29,0.74,2.13,0.95,116.38,54.56,1.45,27.84
405,Tossed salad,62.96,4.95,1.02,4.22,1.56,2.15,77.5,32.37,0.86,85.7
406,Mixed vegetable salad with curd sauce,60.28,7.03,4.23,1.5,2.16,3.79,116.66,65.51,1.35,37.73
407,Potato salad,89.91,11.19,1.4,4.4,3.94,1.32,125.01,25.61,0.99,58.78
408,Waldroff salad,141.75,11.02,1.47,10.05,8.23,1.87,13.42,29.29,1.07,21.43
409,Coleslaw,76.71,5.59,1.24,5.32,3.62,2.34,29.87,37.0,0.63,22.99
410,Fruit salad,78.14,15.96,0.91,1.22,9.78,1.58,7.11,25.93,0.81,52.45
411,Tomato onion raita,59.0,7.08,3.74,1.84,5.98,0.97,165.21,120.62,0.26,15.04
412,Peanut raita,150.39,9.3,8.59,8.98,7.11,1.89,235.83,174.6,0.74,2.59
413,Sprouted moong raita,60.89,6.13,4.62,2.19,5.59,0.16,189.2,139.44,0.86,3.59
414,Bottle gourd raita,56.31,5.76,3.98,2.07,5.25,0.85,188.37,138.26,0.23,4.76
415,Cucumber raita,59.13,6.35,4.04,2.08,5.22,0.86,189.96,138.58,0.29,5.65
416,Carrot and spinach raita,56.83,5.83,4.0,1.99,4.93,1.39,180.79,142.57,1.04,19.29
417,Mint raita,77.59,7.65,5.64,2.96,7.48,0.34,274.38,198.22,0.37,2.94
418,Potato raita,75.38,10.24,4.22,2.04,5.08,0.75,183.37,132.31,0.34,15.33
419,Boondi raita,687.72,3.96,2.19,73.83,1.88,0.46,99.18,49.0,0.24,0.77
420,Sweet raita,99.24,17.93,3.24,1.78,15.36,1.02,42.98,108.91,0.21,5.2
421,Dahi vadas/Dahi bhalla,667.73,5.49,2.96,70.4,1.78,0.97,79.0,49.03,0.49,0.57
422,Gunjia,667.34,5.68,2.98,70.28,2.05,1.13,77.9,48.16,0.5,0.51
423,Saunth/Sonth chutney with tamarind/imli,141.53,33.55,1.01,0.15,31.31,0.93,244.38,54.74,2.71,0.09
424,Rice kheer,75.03,10.05,2.3,2.97,8.02,0.17,16.24,75.57,0.17,5.06
425,Makhana kheer,107.85,12.88,3.31,5.0,11.54,0.11,23.4,111.64,0.28,5.06
426,Vermicelli kheer,120.07,15.87,3.35,5.0,12.79,0.5,22.52,104.8,0.3,4.06
427,Semolina kheer,113.21,15.88,3.43,4.2,12.88,0.51,22.66,105.99,0.34,4.06
428,Paneer kheer,105.31,10.03,4.53,5.37,9.87,0.07,23.81,144.66,0.26,5.06
429,Cabbage kheer,83.51,9.73,2.87,3.8,9.28,0.51,22.67,102.74,0.24,17.36
430,Carrot kheer,85.35,10.09,2.81,3.85,9.63,0.73,28.54,100.12,0.28,6.54
431,Cauliflower kheer,81.95,8.78,3.04,3.95,8.49,0.55,25.19,101.75,0.3,23.92
432,Moong dal kheer,77.16,9.89,2.95,2.97,7.92,0.4,16.34,75.66,0.28,5.06
433,Phirni,116.12,16.11,3.49,4.34,10.79,0.36,22.47,104.57,0.23,5.04
434,Semolina halwa,225.65,24.67,2.16,13.38,13.98,1.86,1.28,11.77,0.65,0.05
435,Shahi suji halwa,382.34,44.44,3.48,21.73,27.21,2.96,2.18,18.64,0.98,0.02
436,Carrot halwa,172.64,18.53,3.11,9.73,16.85,2.65,39.96,106.94,0.76,6.53
437,Egg halwa,299.74,39.59,7.85,13.41,37.85,0.49,83.04,35.77,1.45,0.0
438,Potato halwa,151.66,29.18,1.53,3.48,17.42,1.64,4.23,14.15,0.63,28.98
439,Pumpkin halwa,190.27,27.6,1.33,8.81,26.64,2.97,8.09,24.34,0.63,8.08
440,Moong dal halwa,349.8,40.23,8.35,17.68,25.59,2.65,11.19,110.4,1.51,0.03
441,Caramel custard,121.58,15.02,4.97,4.87,14.98,0.0,43.57,88.12,0.51,3.02
442,Baked custard,106.53,9.45,5.41,5.3,9.42,0.0,47.13,95.32,0.54,3.02
443,Soft Custard,109.18,11.19,5.01,5.07,11.15,0.0,122.17,95.82,0.49,3.62
444,Chocolate ice cream,177.7,15.41,4.47,11.25,15.33,0.0,36.79,84.24,0.47,4.06
445,Mango ice cream,125.69,11.14,3.4,7.62,11.01,0.52,29.13,67.17,0.39,44.98
446,Fruit Ice cream,171.46,16.05,4.37,10.38,14.03,0.33,38.78,93.35,0.36,4.02
447,Caramel ice cream,173.52,14.81,4.31,11.15,14.52,0.08,33.47,87.32,0.35,3.27
448,Lemon souffle,168.51,13.43,6.95,10.02,11.67,0.0,50.73,59.81,0.56,12.9
449,Orange souffle,168.28,14.2,6.8,9.73,12.31,0.22,49.22,59.04,0.65,19.16
450,Vanilla souffle,187.85,14.78,7.71,11.19,12.86,0.0,56.73,70.6,0.58,1.3
451,Chocolate souffle,189.32,14.74,7.88,11.36,12.69,0.0,56.07,71.55,0.71,1.3
452,Pineapple souffle,196.14,15.52,8.06,11.72,13.45,0.0,59.17,67.23,0.61,1.0
453,Apple mousse,106.92,12.77,4.21,4.27,10.56,1.6,28.79,33.76,0.48,14.48
454,Rich chocolate mousse,188.26,10.84,7.96,12.19,10.3,0.0,51.71,54.59,0.97,0.7
455,Mango mousse,124.98,9.14,3.21,8.47,8.89,0.88,19.62,51.38,0.35,42.76
456,Orange and pineapple cream,101.18,11.96,1.44,5.43,11.37,1.03,10.17,35.0,0.41,19.89
457,Triffle pudding,116.97,18.24,2.93,3.93,13.89,0.12,26.95,48.72,0.47,19.31
458,Snow flakes pudding,95.21,8.07,4.67,4.97,8.01,0.03,39.6,101.33,0.42,5.47
459,Kulfi,98.43,11.3,3.21,4.7,10.39,0.12,23.97,111.86,0.2,5.04
460,Steamed orange pudding,278.03,41.53,2.34,12.04,26.53,0.58,79.1,21.15,0.55,21.74
461,Meringue and rice pudding,112.93,14.6,4.84,4.05,10.87,0.17,44.16,85.43,0.37,3.02
462,Cheese pudding,285.01,19.27,11.29,18.37,18.63,0.05,37.83,226.11,0.87,0.3
463,Chocolate pudding,211.96,29.59,3.55,9.48,20.68,0.53,171.36,64.56,0.6,0.75
464,Bread and butter pudding,167.94,19.63,5.59,7.88,11.84,0.98,96.3,105.54,0.9,1.58
465,Queen of pudding,132.92,16.35,5.51,5.38,11.77,0.27,85.59,78.26,0.53,8.11
466,Pineapple upside down pudding,257.73,35.73,3.15,11.91,22.16,0.8,74.52,26.05,0.68,9.66
467,Date and nut pie,322.42,46.86,3.93,13.31,31.18,4.13,3.87,34.69,1.54,6.39
468,Stewed apple with custard,92.87,18.36,1.27,1.82,15.46,1.01,16.66,49.24,0.18,5.6
469,Apple snowballs,101.51,24.58,0.86,0.31,19.4,1.25,12.8,9.43,0.18,4.46
470,Hot orange souffle,179.97,18.77,6.87,8.95,14.93,0.29,58.8,53.81,1.03,7.01
471,Hot chocolate souffle,226.09,26.21,6.7,11.1,22.88,0.12,54.11,60.19,1.08,0.9
472,Hot vanilla souffle,192.93,21.77,6.87,9.07,18.17,0.13,59.59,63.2,0.93,0.9
473,Plain burfi,408.32,30.88,9.82,27.96,30.43,0.17,31.65,355.78,1.5,0.05
474,Coconut burfi,467.64,32.15,8.81,34.63,31.5,3.5,27.63,272.81,1.82,0.0
475,Bottle gourd burfi,275.96,24.51,5.86,17.68,23.92,0.73,18.15,215.85,0.93,1.08
476,Chocolate burfi,339.33,33.15,13.0,17.86,32.38,0.0,39.32,466.48,2.12,0.0
477,Cashewnut burfi,421.74,37.92,5.48,28.46,31.43,1.12,4.23,12.95,1.79,0.0
478,Gram flour burfi,421.79,46.59,11.19,22.41,28.44,3.41,13.02,160.71,1.47,0.0
479,Semolina ladoo with khoya,428.71,52.86,6.71,21.86,33.28,4.68,14.4,106.42,1.73,0.03
480,Semolina ladoo with coconut,464.43,50.9,5.68,27.03,27.32,6.69,9.06,26.72,1.83,0.05
481,Gram flour ladoo,476.91,62.61,8.93,22.76,37.76,4.43,5.48,25.35,1.51,0.0
482,Sesame ladoo,396.96,43.5,10.7,19.64,38.63,7.72,18.55,631.82,8.94,0.0
483,Milk cake,127.41,9.13,3.01,8.93,8.9,0.06,24.97,104.94,0.2,8.0
484,Ghujia/Lavang latika,768.98,13.0,1.86,78.93,6.08,0.52,3.28,31.01,0.44,0.01
485,Gulab Jamun with khoya,586.06,26.09,2.03,53.23,24.12,0.07,15.09,67.32,0.39,0.02
486,Mal pua,566.68,17.56,1.71,54.64,11.77,0.62,6.35,30.05,0.33,0.67
487,Shahi tukre,189.81,41.46,2.76,2.54,34.7,0.51,71.04,76.47,0.37,0.86
488,Potato pakora/pakoda,677.19,6.04,1.9,71.84,0.22,1.03,63.38,6.59,0.38,18.53
489,Onion pakora/pakoda,674.61,5.41,1.9,71.84,0.88,1.11,63.55,7.95,0.36,5.36
490,Cauliflower pakora/pakoda,671.63,4.52,1.98,71.86,0.23,1.26,66.54,8.44,0.42,37.72
491,Mixed vegetable pakora/pakoda,673.81,5.12,1.94,71.86,0.38,1.13,65.35,9.55,0.46,21.46
492,Spinach pakora/pakoda,712.62,4.68,1.96,76.38,0.2,1.02,69.54,10.99,0.52,12.12
493,Methi pakora/pakoda,713.25,4.68,2.06,76.39,0.25,1.18,69.83,23.07,0.69,23.31
494,Egg pakora/pakoda,710.51,4.48,2.83,75.86,0.19,0.86,75.37,9.55,0.47,0.01
495,Bread pakora/pakoda,710.99,8.87,2.57,74.2,0.46,1.11,101.49,19.83,0.46,0.01
496,Paneer pakora/pakoda,718.12,5.52,3.27,76.05,1.08,0.89,131.7,43.38,0.43,0.07
497,Potato bonda,632.84,4.53,1.09,67.8,0.27,0.83,132.53,6.79,0.37,8.96
498,Potato samosa,577.39,9.21,1.71,59.19,0.29,1.19,77.1,7.63,0.5,11.27
499,Minced meat samosa,620.99,6.14,4.43,64.26,0.5,0.39,88.64,6.7,0.55,0.82
500,Paneer and pea samosa,623.81,8.55,4.02,63.65,1.69,1.02,78.18,64.56,0.53,6.67
501,Mathri,805.12,12.32,1.75,83.1,0.29,0.6,64.7,5.23,0.43,0.0
502,Khasta kachori,712.73,12.81,2.51,72.27,0.34,0.97,90.56,7.84,0.59,0.86
503,Vegetable cutlet,665.45,4.68,1.25,71.33,0.35,0.93,85.38,13.55,0.4,16.89
504,Flattened rice cutlet,701.71,7.39,1.76,73.89,0.27,0.86,76.65,9.17,0.59,12.63
505,Peanut cutlet,698.77,5.68,2.63,74.0,0.51,1.21,84.24,14.38,0.56,12.63
506,Fish cutlet,654.64,3.13,2.77,70.11,0.29,0.54,75.33,10.44,0.36,10.46
507,Paneer potato cutlet,672.94,5.23,2.47,71.4,1.02,0.41,85.71,45.36,0.38,11.61
508,Spinach chickpeas cutlet,688.03,4.93,1.44,73.6,0.16,0.93,79.13,11.3,0.57,16.18
509,Cheese toast,785.37,5.49,1.98,84.11,0.53,0.31,121.05,43.87,0.31,0.0
510,Vegetable burger,519.93,13.69,3.26,50.63,1.88,1.7,168.97,26.08,0.7,24.68
511,Cheese pizza,249.5,30.62,5.79,12.43,3.42,1.95,397.73,96.51,1.09,6.72
512,Vegetable seekh kebab,690.73,5.32,1.57,73.72,0.74,0.59,83.67,32.66,0.36,6.86
513,Masala vada,826.02,4.06,1.69,89.15,0.24,1.07,74.53,7.45,0.52,2.05
514,Peanut sago vada,749.89,7.14,1.01,79.82,0.19,0.62,71.29,5.03,0.38,9.74
515,Vegeterian scotch egg,681.67,4.64,2.16,72.77,0.23,0.58,93.33,15.2,0.46,12.53
516,Paneer shaslik/tikka,93.85,7.98,5.11,4.49,4.61,1.23,103.39,123.86,0.68,107.71
517,Peanut brittle,320.46,47.46,6.94,11.13,43.92,2.63,15.99,68.03,3.22,0.0
518,Spring roll,623.87,8.56,1.81,64.63,0.6,0.67,132.84,9.51,0.49,4.59
519,Dry mango chutney,298.13,69.17,2.43,0.7,61.86,3.74,437.91,72.05,3.98,0.25
520,Peanut chutney,258.37,9.87,11.8,19.06,2.76,5.73,475.34,34.79,1.99,4.2
521,Coconut chutney,265.92,8.29,3.59,25.0,3.79,6.73,428.28,15.7,1.25,4.13
522,Mint and coriander chutney,102.6,21.18,2.81,0.51,15.88,4.33,391.66,107.45,4.76,3.62
523,Custard tart,225.6,28.66,3.72,10.73,9.31,0.91,59.74,57.47,0.49,1.18
524,Lemon tart,303.35,30.68,6.12,17.45,10.68,0.81,76.09,24.03,0.98,2.66
525,Jam tart,360.72,46.18,4.42,17.35,14.74,1.14,70.34,12.23,0.74,0.0
526,Orange cream tart,197.16,27.43,2.58,8.72,10.08,0.64,36.85,13.84,0.58,19.6
527,Pineapple tart,195.4,28.62,2.29,8.21,11.09,0.87,37.88,12.02,0.5,6.85
528,Cheese and mushroom tart,246.1,21.43,5.51,15.28,3.16,1.18,212.42,100.97,0.59,6.53
529,Cottage cheese pie,238.98,20.66,7.45,13.83,3.62,2.21,103.29,108.05,0.92,36.25
530,Minced meat pie,221.55,18.11,7.38,13.04,1.42,2.33,127.85,18.14,1.07,37.52
531,Apple cinnamon pie,258.73,33.68,3.35,12.21,11.95,1.77,60.14,16.14,0.65,2.24
532,Cream puffs,221.33,16.0,4.7,15.48,5.94,0.38,98.76,37.93,0.58,0.2
533,Chocolate eclairs,239.42,26.22,4.24,13.5,17.34,0.33,85.88,34.21,0.68,0.4
534,Cheese balls,681.28,4.81,2.21,72.57,0.63,0.18,120.7,30.01,0.32,0.01
535,Minced meat patties,265.72,15.25,6.88,19.57,0.88,0.77,252.18,19.23,0.93,1.58
536,Cheese patties,324.01,22.23,7.38,22.67,3.93,1.24,295.22,126.41,0.82,3.37
537,Hot cheese souffle,177.1,5.41,9.18,13.23,2.91,0.12,286.96,169.17,0.83,2.41
538,Hot potato souffle,125.64,8.56,5.51,7.64,1.78,0.66,97.2,56.84,0.79,30.19
539,Hot fish souffle,142.92,3.69,11.23,9.24,1.68,0.1,110.94,58.18,0.7,2.41
540,Hot spinach souffle,104.25,4.19,5.43,7.24,1.64,0.99,104.69,80.77,1.67,47.83
541,Plain cream cake,353.94,47.18,6.18,16.17,27.74,0.71,174.0,41.95,1.02,0.08
542,Apple cake,290.08,39.48,4.94,12.87,23.52,1.22,136.95,38.99,0.9,1.16
543,Marble cake,354.11,46.88,6.3,16.27,27.56,0.71,138.48,39.6,1.12,0.08
544,Chocolate cake,335.61,45.14,6.01,15.18,27.58,0.64,241.93,41.13,1.08,0.15
545,Orange cake,357.61,48.28,6.1,16.21,28.38,0.83,105.41,29.72,1.06,1.88
546,Fruit Loaf,324.19,46.49,5.36,13.31,24.54,0.87,160.6,45.71,0.96,2.47
547,Banana cake,389.51,40.0,5.77,23.31,23.04,1.14,117.81,23.55,1.14,0.98
548,Chocolate chiffon cake,311.71,37.87,5.76,15.8,24.25,0.7,188.59,42.15,1.07,0.21
549,Strawberry and vanilla cake with butter icing,370.54,44.25,3.89,20.39,32.43,0.79,107.27,28.17,0.7,8.4
550,Eggless cake,318.08,46.14,8.12,11.75,27.7,0.68,310.5,212.97,0.61,1.35
551,Swiss roll,251.87,48.34,7.3,3.77,32.96,0.55,51.9,24.11,1.19,0.0
552,Pineapple pastry,208.21,29.04,6.06,7.87,18.83,0.72,44.3,42.97,0.86,3.64
553,Coconut finger,274.86,42.56,7.09,8.86,28.55,1.87,46.86,24.04,1.31,0.0
554,Pineapple cake,195.57,23.51,5.01,9.34,16.16,0.76,37.47,49.06,0.64,27.35
555,Chocolate walnut cookies,424.8,47.1,6.56,23.62,22.58,1.54,280.44,36.1,1.37,0.16
556,Chocolate chip cookies,425.29,57.98,5.79,19.38,30.29,1.05,278.29,24.76,1.22,0.0
557,Sweet plain biscuit,380.76,50.29,5.86,17.67,21.77,1.07,132.59,42.88,0.92,0.03
558,Chocolate biscuit,379.76,51.56,5.88,17.09,24.16,1.01,127.02,41.51,1.14,0.03
559,Coconut biscuit,434.98,42.9,5.78,27.16,20.76,3.64,105.76,37.81,1.32,0.03
560,Sweet and salty biscuit,407.96,45.09,6.15,22.39,7.22,1.68,414.7,37.24,1.05,0.03
561,Peanut biscuit,401.05,46.72,8.45,20.41,21.26,2.48,202.26,50.58,1.34,0.03
562,Pin wheel biscuit,404.6,54.56,5.4,18.66,23.25,1.16,131.73,42.7,1.13,0.05
563,Saffron biscuit,458.61,59.7,6.05,22.01,22.42,1.9,5.65,25.71,1.23,0.01
564,Masala biscuit,393.64,45.18,6.06,20.75,6.82,2.14,714.52,53.73,1.32,0.15
565,Ice box cookies,374.24,56.09,5.7,14.44,26.69,1.28,449.14,18.5,1.04,0.1
566,Ginger bread man,365.0,60.26,6.61,11.01,29.12,1.6,477.99,37.92,2.12,0.09
567,Danish cookies,475.33,58.0,5.33,24.92,21.73,1.37,201.06,15.97,0.98,0.0
568,Short bread cookies,443.09,64.82,6.03,17.98,23.31,1.57,145.0,15.92,1.12,0.0
569,Coffee biscuit,416.57,46.55,6.9,23.0,21.69,1.59,112.53,48.92,1.27,0.03
570,Melting moments,437.91,55.84,5.71,21.78,25.0,1.88,119.09,30.39,1.2,0.0
571,Ginger biscuit,417.91,58.44,5.98,18.31,27.06,1.49,79.68,25.97,2.2,0.0
572,Soyabean tikki,698.17,4.39,3.53,74.02,0.35,2.2,88.72,29.23,1.04,6.71
573,Soyabean namak paras,838.46,4.65,2.65,89.83,0.22,1.41,72.05,12.13,0.64,0.0
574,Peanut burfi,550.99,48.14,9.31,36.84,43.08,4.09,6.78,25.2,1.45,0.0
575,Spinach peanut namak paras,740.16,6.62,1.65,78.51,0.28,0.81,73.15,13.35,0.67,11.39
576,Gram flour and semolina chilla/cheela/savory pancake,758.89,7.63,2.08,80.04,0.25,1.39,74.88,12.13,0.67,3.8
577,Rice moong dal cheela,798.26,11.13,2.74,82.44,0.15,1.18,142.82,4.99,0.51,0.0
578,Split bengal gram sweet rice,190.21,41.07,4.15,0.64,19.41,2.23,8.38,30.37,1.77,0.0
579,Sweet poori,782.75,14.26,2.12,79.63,7.15,1.54,2.57,34.24,1.13,0.0
580,Wheat flour and moong dal burfi,441.08,60.0,9.84,18.41,31.12,6.02,5.25,25.2,2.3,0.0
581,Spinach burfi,121.17,12.76,2.71,6.81,12.12,1.17,27.77,93.68,1.05,8.57
582,Sweet split chickpea roti,366.59,62.66,9.51,7.93,24.73,8.16,12.05,53.3,4.36,0.0
583,Sprouted moong daliya,111.56,14.77,2.81,4.71,1.67,3.12,196.73,22.62,1.29,7.53
584,Sprouted moong poha,192.6,26.6,5.59,6.89,1.93,3.13,220.82,28.39,2.43,19.24
585,Pearl millet ladoo,319.66,50.98,9.61,8.06,27.44,6.0,12.26,118.74,4.72,0.0
586,Paushtik ladoo,485.87,60.34,7.65,24.98,38.12,4.57,6.09,20.67,1.63,0.0
587,Paushtik roti,149.26,26.59,7.17,1.51,2.03,5.74,170.96,52.74,2.62,6.65
588,Semolina carrot vada,699.53,6.52,1.56,74.07,1.21,1.07,73.17,26.47,0.36,0.95
589,Kashmiri tea,24.9,5.23,0.17,0.51,5.14,0.16,0.29,3.19,0.07,0.06
590,Steeped hot coffee,15.91,3.01,0.39,0.33,2.96,0.0,2.82,10.4,0.06,0.3
591,Hot chocolate,90.01,9.02,3.43,4.61,8.86,0.0,36.04,113.63,0.33,3.62
592,Cold coffee,82.76,11.98,1.93,3.29,11.91,0.0,15.35,64.43,0.14,2.56
593,Banana milkshake with ice cream,76.45,11.15,2.01,2.77,9.94,0.27,16.63,68.3,0.14,6.99
594,Flavoured milkshake,66.78,8.65,2.06,2.83,8.61,0.0,16.34,75.05,0.11,3.62
595,Jal jeera,30.24,6.7,0.44,0.26,5.71,0.95,215.62,24.72,0.84,2.23
596,Gingo,48.02,12.42,0.14,0.06,12.08,0.17,21.5,6.33,0.21,8.39
597,Mintade,40.32,10.59,0.03,0.02,10.47,0.03,26.69,2.1,0.05,8.5
598,Canjee,6.61,0.44,0.24,0.42,0.21,0.36,43.03,5.82,0.17,0.52
599,Cauliflower canjee,6.9,0.35,0.39,0.42,0.09,0.49,41.45,6.26,0.22,7.86
600,Potato canjee,16.26,2.69,0.44,0.39,0.1,0.43,35.99,5.21,0.22,7.72
601,Vermicelli porridge,78.4,10.56,2.5,2.98,7.04,0.48,65.33,72.96,0.2,4.82
602,Semolina upma,147.89,16.31,3.3,7.49,1.31,3.24,101.59,21.57,1.1,4.64
603,Vermicelli upma,149.11,16.88,3.11,7.45,1.4,3.21,101.8,20.3,0.93,4.64
604,Rice upma,151.27,17.96,2.63,7.46,1.13,2.12,101.75,17.57,0.67,4.64
605,Bread upma,129.51,12.6,2.8,7.75,1.56,1.96,176.44,45.22,0.82,4.64
606,Vegetable upma,146.47,16.46,4.73,6.63,1.39,4.19,347.02,26.68,1.35,14.42
607,Poha,294.53,35.05,6.09,14.14,0.87,3.72,377.1,37.67,3.01,6.62
608,Vegetable poha,180.52,21.52,4.89,8.07,1.4,3.76,418.02,28.01,1.92,7.21
609,Moong dal stuffed cheela/chilla,154.89,19.42,6.97,5.11,1.11,4.25,267.23,39.34,2.22,34.81
610,Paneer stuffed cheela/chilla,205.19,19.16,11.44,8.89,3.81,4.03,289.1,151.3,2.41,19.76
611,Indian style egg bhujia,102.83,3.76,6.1,7.02,1.95,1.53,218.05,31.9,1.14,13.56
612,French omelette/omlet,211.04,0.41,10.03,18.86,0.1,0.38,381.85,46.35,1.58,0.48
613,Puffy omelette/omlet,188.15,0.08,8.82,16.84,0.08,0.0,340.53,34.96,1.2,0.0
614,Orange omelette/omlet,194.66,1.68,8.93,16.84,1.68,0.0,340.92,37.33,1.26,7.2
615,Cheese and mushroom omelette/omlet,205.63,1.68,9.69,17.82,1.07,0.93,400.29,148.77,1.01,0.48
616,Spanish omelette/omlet,157.45,5.1,8.25,11.44,1.03,2.54,233.87,31.72,1.28,28.63
617,Mixed stock,25.19,0.33,2.06,1.71,0.2,0.15,9.51,2.06,0.07,2.58
618,Meat stock,24.48,0.0,2.1,1.78,0.0,0.0,8.62,0.86,0.05,0.0
619,White stock,6.99,0.4,0.07,0.56,0.24,0.17,1.56,1.58,0.03,2.58
620,Meat consomme,29.76,0.51,14.86,13.68,0.24,0.71,12665.52,115.88,4.22,2.44
621,Green pea soup,39.81,3.63,11.06,12.9,0.87,2.49,10958.11,46.63,2.18,41.12
622,Spinach soup,32.59,3.03,10.54,14.26,0.29,1.98,12088.21,56.23,2.68,30.99
623,Mixed vegetable soup,35.71,2.95,8.22,11.66,1.64,1.64,9202.27,50.69,1.74,20.06
624,Cheese soup,41.13,1.87,12.39,17.07,0.84,1.8,13695.35,83.65,2.4,5.29
625,Cream of carrot soup,59.77,5.69,8.27,12.35,1.77,1.98,8694.79,57.24,1.73,10.68
626,Cream of broccoli soup,56.14,3.72,8.97,12.75,1.59,1.89,8792.43,66.55,1.82,68.91
627,Cream of potato soup,60.2,6.14,8.1,12.05,1.24,1.51,8503.99,51.97,1.7,28.86
628,Almond soup,78.65,3.68,10.13,13.8,1.94,0.91,8376.94,114.95,2.83,7.68
629,Cold cucumber cream soup,11.88,1.76,0.34,0.34,0.51,0.73,207.89,8.02,0.16,14.72
630,Cold tomato soup,16.9,0.59,0.11,1.56,0.22,0.16,287.15,4.2,0.1,10.09
631,Chicken stew,127.55,4.44,7.19,8.91,1.43,1.82,79.62,31.53,0.9,20.89
632,Veg paneer stew,145.55,10.22,6.98,8.41,4.85,3.08,73.15,160.51,1.37,32.41
633,Onion-green chilli parantha/paratha,191.27,26.37,4.37,7.27,2.71,5.16,241.19,24.91,1.81,3.05
634,Methi parantha/paratha,148.36,22.19,4.27,4.34,2.44,5.09,48.36,65.85,2.42,12.63
635,Bathua poori,598.79,13.85,2.35,59.14,0.41,1.87,49.71,30.83,0.96,4.56
636,Gram flour poori,697.66,10.93,2.59,71.51,0.35,1.94,58.33,7.09,0.71,0.0
637,Beetroot poori,527.66,12.29,1.91,52.18,0.54,1.4,46.48,5.38,0.6,0.29
638,Peas poori,592.83,14.92,3.04,57.69,0.48,2.25,47.77,8.96,0.84,4.61
639,Peas kachori,584.68,13.25,3.21,57.51,0.5,2.03,55.45,14.25,0.77,10.11
640,Pizza,146.77,9.94,6.85,8.72,1.38,1.71,225.02,77.23,0.66,42.9
641,Cheese and tomato pancake,147.39,10.66,5.15,9.28,3.48,1.06,281.62,127.51,0.64,9.72
642,Minced meat pancake,116.04,8.18,12.01,10.48,1.29,0.7,4942.18,64.72,1.99,2.14
643,Kashmiri 'tahar',98.21,19.11,1.95,1.37,0.17,0.98,61.29,3.93,0.32,0.02
644,Cumin pulao,135.24,23.61,2.47,3.2,0.64,1.4,219.73,7.25,0.33,1.42
645,Peas pulao,108.87,18.42,3.89,1.9,1.3,3.21,86.18,18.18,0.78,62.36
646,Split bengal gram dal and vegetable pulao,116.53,19.72,3.6,2.3,1.59,3.16,98.07,19.09,0.82,27.07
647,Black channa pulao/ Bengal gram pulao,125.51,21.55,3.44,2.58,1.99,2.69,103.09,16.51,0.77,8.11
648,Mutton pulao,130.77,11.26,6.52,10.78,1.0,1.65,3115.59,49.87,1.25,4.47
649,Chicken pulao,108.24,11.17,6.07,8.48,0.99,1.64,3093.47,32.25,0.98,4.47
650,Mexican rice,120.57,14.21,4.62,4.88,1.44,1.64,93.42,14.51,0.55,42.71
651,Plain khitchdi,57.03,10.04,1.72,1.01,0.12,0.85,37.14,5.05,0.31,0.83
652,Masala dosa mixed vegetable fillings,144.53,23.02,4.84,3.26,1.53,4.31,122.08,31.79,1.21,52.07
653,Masala dosa paneer fillings,243.12,29.76,10.31,8.84,4.81,3.11,160.4,171.23,1.27,11.5
654,Spaghetti with meat balls and tomato sauce,158.13,10.46,5.61,10.64,1.87,1.11,189.13,40.82,0.71,44.09
655,Spaghetti with paneer balls and tomato sauce,158.54,12.72,3.95,10.44,3.03,1.25,199.55,80.73,0.55,44.09
656,Home made egg noodles,240.84,42.92,6.55,4.37,1.03,1.6,177.24,15.96,1.15,0.0
657,Sour lentils,34.79,6.04,2.22,0.12,1.25,1.22,115.6,8.29,0.85,1.88
658,Urad special dehusked,69.43,8.86,3.14,2.17,1.32,2.5,109.56,16.4,0.83,17.4
659,Arhar with spinach,52.84,4.77,2.05,2.76,0.23,1.3,109.97,21.81,0.89,18.79
660,Moong dal with vadi,24.08,1.0,0.4,2.05,0.45,0.39,112.36,2.99,0.18,10.19
661,Rasam with tamarind,26.74,3.37,1.13,0.88,0.83,1.6,104.11,16.56,0.59,17.27
662,Rasam with lemon,24.41,2.85,1.11,0.87,0.44,1.54,102.77,15.56,0.52,19.71
663,Green gram whole with baghar,63.43,6.8,3.23,2.48,0.15,3.02,181.69,25.04,1.0,0.48
664,Urad sabut special,79.39,5.03,2.33,5.46,0.86,2.15,60.09,21.45,0.71,28.45
665,Kabuli channa curry,68.57,7.63,2.92,3.06,1.24,1.12,122.05,32.03,0.95,16.22
666,Besan gatte curry,189.38,16.26,7.75,10.72,4.5,3.25,356.27,151.08,1.89,13.39
667,Dry masala chops,135.07,3.3,9.08,9.54,2.27,0.86,83.47,112.25,1.39,1.87
668,Mutton korma,115.64,2.53,7.09,8.54,1.64,0.78,56.94,79.07,1.09,5.54
669,Shahi keema kofta curry,418.13,1.73,4.14,43.83,0.78,0.91,104.53,14.51,0.67,20.97
670,Minced meat ball curry,109.79,2.86,6.82,7.85,1.27,1.49,170.06,23.84,1.01,20.62
671,Boti kebab,132.86,3.06,9.22,9.27,2.09,0.76,78.14,98.67,1.41,4.52
672,Mutton seekh kebab,133.94,3.11,11.25,8.43,1.4,1.88,102.17,117.44,2.19,3.97
673,Indian lamb and egg curry,335.75,2.07,3.84,34.7,0.75,0.6,57.44,12.91,0.55,7.67
674,Soya chunks sweet and sour,500.94,3.27,2.85,55.99,1.1,0.86,2257.67,13.89,0.7,37.78
675,Soya chunks korma,131.43,7.67,3.86,9.5,4.66,2.57,148.98,89.7,1.18,11.59
676,Mushroom matar,70.77,5.33,2.79,4.11,1.39,3.13,61.63,21.42,0.81,39.15
677,Soya chunks and peas,82.62,5.82,3.03,5.11,1.64,2.86,70.97,20.32,0.99,39.15
678,Vegetable yakhni,406.06,1.94,1.18,43.8,1.44,0.61,38.05,43.67,0.24,5.43
679,Spinach mushroom,47.63,2.95,1.94,2.96,1.0,2.27,70.97,49.75,1.69,60.21
680,Vegetarian nargisi kofta curry,332.15,6.58,2.29,32.94,1.65,0.86,73.56,47.09,0.38,27.25
681,Roast chicken,199.9,0.1,20.49,13.06,0.05,0.03,71.71,13.61,0.79,0.3
682,Shahi chicken masala,163.7,4.07,9.82,12.02,2.86,0.96,142.56,82.68,0.89,9.92
683,Tomato chicken,111.68,2.13,10.57,6.71,0.93,1.42,104.83,21.24,0.87,24.53
684,Creamy chicken,152.87,3.13,13.52,9.57,2.11,0.69,97.08,50.37,0.82,7.46
685,Broccoli chicken ala king,119.56,5.34,7.97,7.57,2.49,1.92,104.01,73.36,0.78,79.81
686,Ginger chicken,129.17,5.6,8.24,8.24,1.95,1.21,365.86,18.41,0.96,49.96
687,Chicken sweet and sour,445.09,2.67,6.92,47.59,0.89,0.58,1809.94,21.98,0.93,37.78
688,Chicken korma,147.96,5.43,9.83,9.67,3.32,1.82,119.21,68.66,1.06,10.02
689,Fish finger,542.9,4.47,5.66,55.82,0.17,0.34,103.55,11.38,0.38,14.13
690,Fish in coconut milk,86.21,2.73,8.66,4.43,1.55,1.52,73.93,21.94,0.91,10.71
691,Prawn curry,109.55,3.1,8.54,6.93,2.03,1.56,375.86,37.25,0.96,3.72
692,Baked stuffed fish,121.96,2.12,16.14,5.43,0.35,0.38,74.36,18.8,0.35,13.01
693,Fish pie,120.9,7.74,9.25,5.77,1.13,0.76,101.8,36.15,0.46,27.02
694,Crispy baked fish,138.4,9.59,10.95,6.41,1.53,1.21,192.42,60.04,0.55,16.97
695,Fish souffle,139.71,5.14,10.51,8.55,2.09,0.19,92.45,63.87,0.59,2.41
696,Potato curry,89.56,10.42,1.52,4.47,1.58,2.42,78.4,23.74,0.97,42.18
697,Egg curry,117.52,4.03,5.38,8.81,1.9,2.09,142.12,41.59,1.52,19.03
698,Vegetable curry with coconut,83.07,7.19,2.77,4.66,1.41,3.35,43.4,19.63,0.95,69.6
699,Curd with potatoes,59.9,7.15,1.56,2.72,1.82,1.19,51.99,36.36,0.47,42.93
700,Potato kofta curry,455.4,2.78,0.56,49.08,0.63,0.56,30.12,7.77,0.26,46.64
701,Yam kofta curry,322.88,3.75,0.71,33.84,0.63,1.04,42.22,8.35,0.31,36.07
702,Jackfruit kofta curry,321.08,3.17,0.8,33.83,2.4,0.96,40.04,11.36,0.24,27.49
703,Spinach and potato,57.17,5.91,1.63,2.82,0.93,2.04,62.46,43.67,1.59,78.73
704,Mooli bhujia,91.2,4.74,1.69,7.25,1.07,2.36,89.73,131.88,2.37,80.77
705,Bathua bhujia,90.9,3.63,2.26,7.29,1.08,3.8,81.99,165.84,2.36,66.6
706,Cabbage rolls,142.48,6.09,8.21,9.36,1.26,1.84,118.05,31.54,0.98,12.69
707,Cabbage rolls,124.63,7.03,5.76,8.17,3.81,2.35,123.98,29.82,0.95,26.91
708,Dry arbi,134.95,11.11,2.12,8.97,1.55,2.47,81.25,22.77,0.68,8.11
709,Masala arbi,185.38,16.16,3.01,11.9,0.81,3.1,261.31,32.08,0.99,1.9
710,Peas brinjal bhartha,84.55,5.02,2.05,6.05,1.57,3.63,63.65,19.63,0.63,27.86
711,Okra/Lady's fingers fry,110.81,4.5,1.83,9.27,1.42,3.57,92.78,67.88,0.88,29.07
712,Crispy okra/Crispy lady's fingers,657.76,4.35,1.91,70.4,0.26,1.75,40.42,27.61,0.56,18.14
713,Stuffed bittergourd,162.36,4.68,1.36,15.24,1.95,2.86,360.09,17.25,0.91,46.93
714,Jackfruit/Kathal,488.97,4.56,0.93,51.78,3.55,1.33,33.68,12.79,0.33,21.72
715,Yam fried,491.76,5.47,0.79,51.79,0.8,1.44,37.07,8.11,0.43,30.3
716,"Cauliflower, pea and potato bhujia",95.67,8.23,2.75,5.54,1.47,3.26,86.29,21.05,0.98,53.51
717,Vegetable jalfrezi,68.48,5.43,1.4,4.38,1.79,2.97,79.46,27.11,0.68,26.08
718,Vegetables stir fry,30.78,3.19,1.04,1.47,0.86,1.37,55.0,13.3,0.34,38.17
719,Broccoli delight,40.7,2.34,2.49,2.48,1.08,2.83,59.26,26.99,0.71,79.0
720,Cauliflower basket,90.95,3.97,5.21,5.88,1.47,2.4,194.22,100.19,0.92,71.55
721,Stuffed bottle gourd,93.19,4.36,5.84,5.8,1.52,1.18,106.99,71.83,0.66,9.01
722,Ducheese potato,140.54,10.94,3.6,9.01,0.29,1.29,103.85,18.1,0.76,7.23
723,Roast potatoes,87.32,14.52,1.53,2.35,0.33,1.71,90.67,10.38,0.57,17.36
724,Stuffed baked potatoes,100.2,11.03,3.82,4.39,0.4,1.31,92.09,25.72,0.81,18.77
725,Potato nests,111.62,11.05,5.71,4.77,1.41,2.49,182.12,55.25,0.87,37.47
726,Parsley potato,119.51,13.81,1.49,6.28,0.34,1.59,4.62,11.43,0.55,23.82
727,Creamed spinach and mushroom,419.62,3.17,2.28,44.14,1.17,1.02,90.21,65.49,0.9,48.37
728,Fricassee of Mushroom,106.66,8.13,3.65,6.63,2.51,1.23,118.98,84.97,0.36,39.68
729,Cauliflower au gratin,145.9,9.13,4.45,10.2,3.01,1.44,164.96,119.69,0.57,50.15
730,Vegetable and cheese pie,126.88,8.76,4.03,8.28,2.69,1.91,117.99,99.48,0.58,55.0
731,Spinach souffle,150.18,6.27,7.36,10.52,0.89,1.44,244.07,133.69,2.15,30.28
732,Beetroot and egg salad,84.92,3.4,3.36,6.45,1.97,0.55,110.12,18.13,0.55,6.0
733,Sour cream potato salad,121.9,9.05,2.89,8.13,0.84,1.21,102.66,23.25,0.9,37.28
734,Tossed green salad,49.88,3.82,1.33,3.24,1.9,1.33,65.09,33.71,1.27,58.24
735,Spring basket salad,160.46,11.61,3.36,11.3,1.46,3.09,26.02,45.65,0.85,70.79
736,Cucumber and yogurt salad,36.13,4.72,2.09,0.93,2.28,1.66,141.73,68.49,0.52,6.74
737,Chicken and tomato towers,100.55,2.36,6.9,6.99,1.21,1.14,76.02,17.54,0.77,56.69
738,Frozen frosty fruit salad,103.51,15.61,1.68,4.17,14.38,0.26,13.23,28.61,0.41,33.45
739,French dressing,733.77,3.68,0.32,79.65,3.01,0.22,261.13,6.98,0.48,6.42
740,Mayonnaise without eggs,329.05,3.98,2.13,33.84,3.68,0.04,193.58,75.54,0.27,12.05
741,Curd dressing,78.8,8.03,5.59,2.9,7.57,0.22,204.62,194.59,0.18,5.34
742,Carrot raita,64.78,7.19,4.14,2.19,5.99,1.69,274.46,146.72,0.55,7.76
743,Pumpkin raita,55.6,6.02,3.74,1.88,5.48,1.04,129.14,130.11,0.33,7.11
744,Mint and peanut raita,112.05,7.31,7.05,6.19,6.17,1.79,223.01,191.01,1.68,6.06
745,Spinach raita,52.75,5.06,3.95,1.86,3.97,1.39,126.57,142.96,1.61,32.9
746,Bathua raita,54.4,5.31,4.13,1.76,4.11,2.19,110.92,206.31,1.46,43.65
747,Pineapple raita,67.74,8.62,3.9,2.02,8.12,1.39,135.48,134.53,0.27,19.89
748,Banana raita,89.03,13.51,4.13,2.07,10.11,1.0,135.43,133.23,0.31,5.73
749,Mango raita,67.37,8.23,3.9,2.14,7.87,0.89,135.46,136.06,0.34,18.19
750,Guava raita,64.36,7.27,4.19,2.07,6.71,3.0,135.94,136.93,0.28,108.7
751,Grapes raita,72.59,9.66,3.98,2.07,8.51,0.71,135.64,134.52,0.26,10.55
752,Bottle gourd kheer,84.07,10.0,2.7,3.86,9.63,0.55,19.62,94.18,0.23,6.2
753,Pumpkin kheer,86.35,10.44,2.76,3.86,10.12,0.63,20.99,95.61,0.24,8.06
754,Apple kheer,81.3,11.34,2.14,3.18,10.71,0.51,15.86,75.67,0.18,5.82
755,Caramel custard,122.7,14.95,5.11,5.01,14.92,0.0,44.78,90.59,0.53,3.02
756,Vanilla ice cream without egg,228.67,14.21,2.69,18.15,13.45,0.0,23.97,81.27,0.1,2.13
757,Vanilla ice cream with egg,214.85,11.71,4.16,17.02,11.69,0.0,37.72,77.42,0.34,2.13
758,Strawberry ice cream,215.61,12.26,4.15,16.96,11.6,0.0,37.62,77.08,0.34,2.13
759,Chocochip ice cream,241.45,16.75,4.23,17.93,16.08,0.0,34.84,73.22,0.51,2.13
760,Choconut ice cream,273.96,23.13,5.04,18.49,21.02,0.51,29.83,67.38,0.89,2.17
761,Pear chocholate sunday,183.49,15.02,2.08,13.11,14.41,0.07,16.26,56.67,0.24,3.34
762,Chocolate sauce,263.2,43.21,1.91,10.39,42.06,0.0,2.8,18.8,1.13,0.0
763,Coffee ice cream,150.62,14.09,3.15,9.43,13.35,0.0,42.09,95.72,0.15,2.16
764,Crunchy butterscotch,277.32,19.92,3.11,20.99,17.73,0.47,22.24,72.26,0.26,2.13
765,Vanilla ice cream with apples in hot cherry sauce,196.32,22.75,1.73,11.45,14.19,0.26,31.54,56.34,0.16,4.23
766,Grape and orange whip,57.39,6.72,1.41,2.62,5.66,0.97,14.36,17.4,0.53,34.86
767,Honey banana cream,125.49,13.64,2.78,6.68,10.51,0.7,15.65,43.52,0.23,16.68
768,Fruit delight,107.09,9.11,2.09,7.09,9.03,0.09,17.27,71.69,0.15,7.74
769,Creamy chocolate mousse,230.52,9.53,6.85,18.16,8.99,0.0,48.64,45.25,0.96,0.75
770,Cold lemon souffle,169.87,15.62,5.89,9.78,13.88,0.0,46.35,55.03,0.53,8.65
771,Cold orange souffle,173.19,16.27,5.94,9.82,14.42,0.11,46.53,55.45,0.57,10.08
772,Cold pineapple souffle,181.22,16.85,6.23,10.39,14.99,0.0,49.38,57.13,0.54,1.88
773,Cold vanilla souffle,179.54,16.29,6.22,10.32,14.49,0.0,49.09,62.47,0.52,1.3
774,Cold chocolate souffle,187.53,17.22,6.37,10.86,15.31,0.0,47.77,62.91,0.68,1.3
775,Stewed fruit,74.32,18.22,0.25,0.32,17.67,2.84,1.7,5.94,0.21,2.48
776,Apricot fool,240.79,33.64,1.54,11.35,21.29,1.0,8.28,26.37,0.73,1.47
777,Apple crumb pudding,220.85,35.17,1.54,8.87,27.69,1.33,59.36,38.49,1.05,3.6
778,Steamed cake with chocolate sauce,301.91,29.06,4.49,19.01,19.72,0.29,100.32,67.76,0.85,1.81
779,Hot lemon souffle,155.25,16.31,5.29,7.93,12.07,0.14,47.75,48.77,0.55,12.93
780,Gulab jamun with milk powder,471.15,28.24,0.85,40.15,27.04,0.05,67.28,26.13,0.13,0.41
781,Chum chum,130.05,28.27,1.52,1.92,27.84,0.02,16.65,62.58,0.13,2.69
782,Rasgulla,118.64,25.79,1.38,1.75,25.4,0.01,15.19,57.09,0.12,2.69
783,Rasmalai,135.55,29.17,1.61,2.11,28.71,0.07,16.46,62.31,0.15,2.69
784,Khoa coconut burfi,411.45,36.55,9.98,26.01,35.6,4.07,31.14,309.84,2.1,0.0
785,Semolina burfi,348.67,47.1,3.47,16.86,28.67,2.8,8.33,14.86,1.01,0.0
786,Pumpkin coconut burfi,186.18,17.02,1.75,12.66,16.11,4.29,8.95,21.76,0.79,3.02
787,Khoa ladoo,396.02,34.43,12.21,24.09,33.37,3.08,31.71,358.61,2.25,0.02
788,Wheat and gram flour ladoo,501.7,50.5,9.38,29.86,18.46,6.01,27.06,35.27,2.39,0.0
789,Semolina ladoo with nuts,441.84,48.02,5.44,25.45,19.79,4.27,3.93,18.04,1.81,0.03
790,Sesame chickpeas brittle,282.74,50.49,8.5,4.66,36.48,5.54,17.93,150.73,4.8,0.0
791,Murmura chikki,253.82,59.59,2.12,0.32,48.27,0.37,15.03,63.3,3.3,0.0
792,Masala onion pakora/pakoda,551.64,6.48,2.05,57.61,1.58,1.44,99.22,11.06,0.42,1.18
793,Masala green chilli pakora/pakoda,668.76,5.55,2.22,71.01,0.27,1.34,120.9,8.58,0.47,3.84
794,Chicken pakora/pakoda,590.09,4.55,6.03,60.98,0.22,0.96,103.23,9.08,0.51,0.14
795,Fish pakora/pakoda,577.03,4.55,5.97,59.52,0.22,0.96,112.24,12.65,0.63,0.14
796,Paneer cutlet,672.2,7.62,4.59,69.38,2.52,0.39,91.45,107.86,0.48,1.81
797,Sago cutlet/vadas,558.76,11.23,0.56,56.97,0.1,0.54,48.17,5.43,0.38,13.39
798,Poshtik cutlet,496.45,7.39,2.0,50.94,0.32,1.35,57.11,14.94,0.69,16.42
799,Egg cutlet,575.02,5.77,2.45,60.25,0.2,0.58,79.4,16.22,0.56,11.07
800,Minced meat cutlet,531.86,5.61,5.1,54.47,0.31,0.4,95.81,20.82,0.63,1.81
801,Vegetable samosa,443.11,13.22,2.21,42.22,0.74,1.52,107.7,10.37,0.6,10.06
802,Plain urad dal vada,745.5,9.7,4.39,76.32,0.16,2.27,65.87,10.6,0.96,0.0
803,Masala urad dal vada,703.78,9.93,4.32,71.62,0.7,2.71,61.49,11.87,1.0,2.05
804,Tomato ginger chutney,44.66,9.11,1.05,0.32,6.31,2.14,209.42,23.63,1.08,3.65
805,Mint tomato chutney,43.65,8.22,1.53,0.36,5.48,2.63,183.98,47.59,2.06,4.07
806,Coriander chutney,42.86,8.16,1.38,0.37,5.5,2.47,186.64,39.8,1.63,4.24
807,Gooseberry chutney,43.02,8.83,1.44,0.62,0.06,4.58,215.09,46.4,1.22,4.84
808,Walnut chutney,370.43,8.91,9.44,33.46,4.4,3.04,160.0,119.57,1.77,1.33
809,Saunth/Sonth chutney with ginger,84.22,20.62,0.28,0.11,19.04,0.31,222.53,15.17,0.7,0.0
810,Dessicated coconut chutney,346.36,36.72,12.88,15.88,10.41,13.16,321.07,73.55,5.44,0.15
811,Curd mint dip,76.13,9.11,4.82,2.44,7.83,0.77,222.77,172.79,0.82,3.28
812,Curd vegetable dip,56.21,6.04,3.88,1.94,5.42,0.63,132.48,129.58,0.37,4.53
813,Mayonnaise vegetable dip,241.27,4.8,3.01,23.44,4.39,0.41,119.58,91.42,0.28,4.58
814,Tomato and cucumber sandwich,150.68,20.51,4.03,6.31,1.79,2.1,222.22,76.75,1.15,7.12
815,Tomato sandwich,189.92,21.29,6.26,9.39,2.58,1.91,420.6,150.9,0.88,8.91
816,French sandwich,186.75,14.82,6.82,11.51,1.82,1.37,274.68,100.73,1.24,6.66
817,Peanut butter cucumber sandwich,243.33,29.76,9.04,10.56,2.91,3.35,460.09,95.35,1.32,0.92
818,Mint and peanut sandwich,273.59,31.83,7.18,13.88,2.78,3.67,453.3,114.99,1.7,1.75
819,Spicy chutney sandwich,249.58,34.03,8.74,9.58,3.96,3.73,315.4,154.53,1.51,0.21
820,Chicken walnut sandwich,285.78,22.62,12.58,16.77,1.77,1.53,287.39,78.45,1.12,0.0
821,Rolled sandwich,293.07,34.69,6.45,15.29,2.7,2.07,321.57,117.68,1.23,0.91
822,Ribbon sandwich,239.26,24.76,6.26,13.37,4.66,2.92,382.11,157.85,1.05,4.55
823,Checker board sandwich,348.37,25.94,7.37,24.65,2.9,2.22,358.25,188.02,1.11,0.05
824,Submarine sandwich,216.92,13.6,6.09,15.32,2.5,1.24,254.28,72.35,1.23,21.43
825,Cheese open sandwich,274.07,28.42,9.84,14.24,3.24,1.74,504.41,256.25,1.22,0.6
826,Sunset and sunrise open sandwich,241.31,18.89,8.58,15.14,1.95,1.39,381.29,114.07,1.28,3.86
827,Chicken and corn open sandwich,188.16,19.21,8.63,8.83,2.48,1.67,226.72,65.13,0.8,2.12
828,Chocolate sponge cake,239.86,39.54,9.13,5.51,25.0,0.52,61.47,33.99,1.81,0.0
829,Chocolate swiss roll,306.08,26.97,6.01,19.76,18.83,0.29,44.53,42.79,1.08,0.19
830,Lemon curd filling,225.62,26.41,3.43,12.58,26.13,0.0,34.9,16.39,0.6,0.64
831,Jam filling,184.62,46.15,0.0,0.0,41.54,0.0,0.0,0.0,0.0,0.0
832,Chocolate pastry,243.37,32.24,7.05,10.12,22.34,0.32,46.54,50.7,1.44,0.25
833,Assorted pastry,230.74,31.99,6.78,8.91,19.7,0.43,49.99,47.2,0.94,0.25
834,Orange gateau,178.05,27.01,4.78,6.02,18.33,0.68,80.41,41.69,0.89,10.49
835,Lemon cake,373.85,43.1,5.29,20.63,25.84,0.62,151.29,32.77,0.91,2.44
836,Victorian sandwich,373.09,44.74,5.18,19.83,28.18,0.59,145.28,36.25,0.86,0.08
837,Chocolate eggless cake,312.01,43.45,6.66,13.19,34.2,0.32,196.61,185.38,0.95,2.67
838,Orange eggless cake,355.62,52.65,7.16,13.82,37.87,0.56,226.28,205.84,0.52,3.47
839,Chocolate glace icing,436.29,62.43,3.22,20.8,59.88,0.0,8.66,26.75,2.04,0.0
840,Butter icing,500.72,71.64,0.19,25.37,71.64,0.0,5.98,12.48,0.14,0.0
841,Chocolate butter icing,469.59,61.72,3.21,24.77,59.82,0.0,4.99,31.87,1.85,0.0
842,Almond biscuit,407.74,52.14,6.25,19.7,22.19,1.5,151.76,44.05,1.11,0.03
843,Orange biscuit,354.78,62.11,3.63,11.01,42.63,0.75,259.14,20.35,0.77,1.36
844,Gingerman biscuit,357.43,55.24,6.26,12.73,21.64,2.0,918.57,41.35,1.59,3.65
845,Coffee drops,443.07,43.06,7.57,27.16,18.27,1.88,88.17,57.09,1.48,0.03
846,Chocolate cream shells,427.17,59.26,5.1,19.34,34.72,0.9,126.84,28.53,1.08,0.0
847,Jelly biscuit,404.61,55.24,4.23,19.33,29.76,2.02,110.57,36.46,1.19,0.03
848,Cherry and walnut cookies,422.6,59.35,5.63,18.75,30.37,1.3,114.62,46.27,1.31,0.0
849,Cheese straws,382.0,30.61,9.83,24.28,1.79,1.29,587.42,160.64,1.29,0.0
850,Butterfly biscuit,341.45,25.33,9.98,22.11,2.44,1.02,572.05,202.49,1.09,0.03
851,Flan pastry,445.8,47.84,6.72,25.04,6.22,1.58,193.23,21.85,1.15,0.0
852,Fruit flan,261.35,34.71,3.3,12.48,9.52,0.71,110.04,19.28,0.61,3.3
853,Orange cream flan,280.28,36.16,4.73,13.59,25.27,0.63,82.41,27.9,0.93,43.79
854,Fruit puree tart,286.5,30.42,3.35,16.83,9.79,1.31,49.65,19.64,0.63,2.6
855,Apple banana pie,243.99,32.12,3.13,11.39,12.96,1.89,384.43,21.23,0.79,8.88
856,Cream buns,215.74,14.16,4.45,15.81,5.95,0.31,45.49,45.27,0.5,0.33
857,Savoury puffs,190.79,10.8,9.51,15.24,4.51,0.33,2274.24,68.83,1.19,1.49
858,Paneer patties,338.58,22.79,7.6,23.96,4.04,1.18,158.44,129.9,0.79,3.3
859,Vegetable patties,261.92,20.98,4.01,17.74,1.49,2.62,139.52,18.96,0.87,13.92
860,Pearl millet infant food,362.44,62.1,11.98,6.62,26.06,7.84,12.67,118.52,5.67,0.0
861,Sajina,345.26,66.87,10.81,3.03,25.89,7.62,11.7,54.4,5.39,0.0
862,Cereal mix,120.81,21.84,3.32,2.02,10.68,2.03,9.29,21.4,1.18,0.62
863,Pulse mix,83.29,16.0,3.16,0.54,6.59,2.25,3.88,14.93,1.29,0.0
864,Shishu ahar,93.37,17.42,2.61,1.43,6.61,1.02,2.68,13.78,1.02,0.0
865,Cereal pulse mix with amylase rice flour,151.57,27.8,4.27,2.74,8.84,3.47,1.03,12.61,1.19,0.0
866,Banana groundnut paste/puree,213.19,36.15,4.27,5.45,31.67,1.7,16.85,74.93,1.9,3.02
867,Rice dal porridge,383.33,65.04,10.8,8.33,26.54,4.51,12.33,50.46,2.76,0.0
868,Lentils and semolina porridge,117.29,23.19,3.26,1.06,13.84,1.44,9.64,44.74,1.22,0.8
869,Spinach khichri,102.18,17.35,3.43,1.91,0.21,1.56,69.59,10.43,0.65,3.03
870,Vegetable mix,174.21,36.02,4.7,0.94,27.36,1.93,34.94,90.06,2.27,8.48
871,Lentils and wheat porridge,52.54,8.36,2.71,0.94,0.92,1.28,62.79,26.28,0.52,0.6
872,Maize porridge,89.57,15.64,2.14,1.89,7.69,1.68,5.59,17.02,1.11,3.03
873,Spinach peanut burfi,105.37,13.59,3.36,4.39,11.5,2.07,19.52,40.95,1.61,30.28
874,Split bengal gram burfi/fudge,287.36,54.63,4.65,7.09,43.38,2.06,2.53,16.44,0.62,0.6
875,Chickpea flour cookies,207.01,39.64,4.29,3.42,30.66,2.56,22.29,54.95,2.16,0.39
876,Pearl millet mathri,785.08,7.42,1.82,83.12,0.16,1.36,33.17,4.63,0.72,0.0
877,Sesame biscuit,424.03,53.65,8.27,19.34,29.73,6.83,182.26,298.06,5.73,0.0
878,Fermented bengal gram vada,657.57,8.68,4.05,67.19,0.35,2.65,63.87,20.5,1.38,3.95
879,Poshtik namak paras,613.39,19.52,6.49,56.58,0.87,4.55,44.01,60.74,2.03,0.38
880,Soya chikki,423.7,62.89,7.18,15.51,45.47,3.55,17.24,81.25,4.47,0.0
881,Besan bathua chilla/cheela,373.82,40.65,11.48,18.57,1.45,7.79,166.36,64.75,2.68,2.05
882,Wheat flour and nuts ladoos,391.9,44.31,9.46,19.19,15.94,7.3,8.07,127.29,4.01,0.0
883,Gram flour and semolina dhokla,198.91,25.92,8.52,7.1,2.58,4.59,196.59,66.66,1.6,6.55
884,Atta dal burfi,298.8,40.64,6.66,12.47,21.08,4.08,3.56,17.07,1.56,0.0
885,Soya roti,283.96,40.03,9.18,9.23,1.58,8.71,155.93,53.42,3.85,4.04
886,Poshtik khichdi/khichri,93.37,15.64,3.04,1.88,0.26,2.0,41.67,30.41,1.0,25.77
887,Namkeen daliya,295.11,49.32,8.29,7.99,0.82,8.57,149.63,35.98,2.99,6.88
888,Sprouts upma,316.25,44.96,9.5,10.44,1.67,7.16,147.82,36.78,2.76,0.48
889,Poshtik chilla/cheela,159.53,27.47,4.85,3.04,1.22,4.91,97.18,18.18,2.1,0.58
890,Stuffed bittergourd,217.65,2.49,1.29,22.38,0.07,3.0,519.29,16.72,1.29,43.5
891,Cauliflower potato canjee,16.79,2.63,0.57,0.39,0.13,0.69,35.58,6.78,0.28,15.57
892,Creamed spinach,96.91,4.44,5.18,6.39,1.59,1.33,156.02,122.3,1.89,62.17
893,Mango milkshake with ice cream,68.35,9.18,1.93,2.8,9.11,0.23,16.64,69.36,0.15,16.96
894,Pineapple milkshake with ice cream,68.49,9.33,1.93,2.75,9.2,0.42,16.65,68.78,0.12,18.32
895,Orange milkshake with ice cream,67.82,9.15,1.95,2.75,9.0,0.16,16.65,69.8,0.19,20.86
896,Sattu drink,23.38,5.16,0.56,0.14,3.96,0.4,12.65,1.59,0.17,0.0
897,Apple and honey sorbet,121.3,30.74,0.15,0.29,29.18,1.13,1.97,9.11,0.18,5.08
898,Thandai,101.18,9.13,3.59,5.89,8.21,0.8,22.69,112.31,0.6,3.66
899,Cucumber sharbat,27.28,6.64,0.26,0.06,5.46,0.78,2.57,6.49,0.18,9.16
900,Apple oats chia seed smoothie,85.64,13.07,3.49,2.48,5.76,1.44,32.02,88.89,0.5,5.39
901,Semolina milk drink,44.16,6.93,0.98,1.36,3.88,0.72,11.95,8.26,0.36,6.58
902,Saffron milk,102.18,12.64,3.17,4.57,12.5,0.14,23.69,110.88,0.21,4.84
903,Coconut kheer,162.61,14.42,3.4,10.55,13.73,1.53,45.97,89.52,0.53,12.21
904,Apple sago payasam,136.5,14.4,3.13,7.66,10.63,0.38,39.45,102.11,0.31,5.88
905,Mango malpua,334.64,12.84,1.65,30.67,4.96,2.08,1.89,10.64,0.7,38.05
906,Mango vanilla custard,147.63,18.41,3.43,7.04,14.62,0.99,30.12,84.86,0.58,16.05
907,Kiwi granola pudding,280.99,32.33,5.6,15.36,15.08,3.71,59.21,62.2,1.45,65.34
908,Oats burfi,425.19,62.47,8.89,17.27,32.93,4.96,8.15,128.58,2.46,0.06
909,Lotus seed halwa,370.55,39.56,7.79,20.69,9.8,0.42,3.06,82.84,1.8,0.06
910,Amaranth ladoo,454.15,51.33,10.12,22.7,19.92,5.11,7.51,144.58,6.47,0.03
911,Sweetened yogurt,107.18,16.02,5.27,2.89,15.81,0.08,73.61,183.02,0.17,2.79
912,Thickened sweetened milk,102.79,10.55,3.52,5.35,10.09,0.19,23.92,111.87,0.29,4.09
913,Gram flour halwa,276.79,25.78,5.88,17.3,15.83,1.82,15.4,77.42,0.67,1.66
914,Prawn sandwich,169.65,11.89,10.36,9.27,1.21,1.55,213.38,75.53,1.11,12.57
915,Watercress sandwich,229.42,28.03,5.17,11.47,1.81,2.26,407.44,98.16,0.99,2.23
916,Fish sandwich,150.2,10.09,4.72,10.37,1.04,1.23,161.88,47.28,0.69,3.89
917,Kidney bean sandwich,176.64,18.86,9.85,6.84,3.69,3.66,97.97,166.63,1.64,5.33
918,Finger millet biscuit,458.56,52.69,4.03,25.79,16.9,5.97,98.24,207.04,2.54,0.0
919,Buttermilk biscuit,322.54,34.93,5.76,17.5,3.44,1.18,323.74,67.16,0.77,0.0
920,Lemon cookies,394.48,42.19,5.63,23.02,23.47,0.78,84.71,72.04,0.69,1.5
921,Sweet potato biscuit,296.4,38.13,5.14,13.31,2.53,2.27,339.58,56.34,0.81,7.95
922,Raspberry shortbread cookies,441.12,61.25,3.0,21.25,40.86,0.75,6.06,13.81,0.6,0.01
923,Pumpkin cookies,218.4,44.69,2.51,3.93,31.62,1.06,51.49,19.36,0.52,1.26
924,Greenpea cookies,159.42,23.07,6.53,4.24,14.45,5.32,229.9,48.45,1.47,16.8
925,Sunflower cookies,520.62,40.06,9.49,36.28,24.28,3.95,181.68,70.45,2.21,0.0
926,Cardamom cookies,400.49,53.99,5.1,19.12,38.99,2.79,98.45,25.21,1.41,0.0
927,Hazelnut cookies,493.32,39.44,6.25,34.97,22.01,2.45,81.06,47.43,1.29,0.0
928,Milk cookies,459.43,48.43,10.49,24.96,22.06,0.99,156.53,251.59,0.75,2.03
929,Cranberry cookies,272.48,36.39,3.92,12.66,19.96,1.13,58.25,36.16,0.71,5.52
930,Olive biscuit,438.29,55.01,3.2,23.75,32.27,0.82,120.1,10.76,1.37,0.0
931,Tutti fruitti biscuit,420.78,53.12,5.21,17.9,15.75,5.43,93.11,23.81,1.96,0.0
932,Peach blueberry preserves,177.38,45.76,0.53,0.2,45.33,1.14,2.81,9.03,0.33,16.56
933,Pear preserves,101.24,25.67,0.25,0.19,25.19,3.06,2.1,6.57,0.23,15.65
934,Starfruit preserves,128.93,33.62,0.24,0.12,33.47,0.78,2.06,5.24,0.2,17.65
935,Gooseberry pickle,278.58,7.61,1.55,27.61,0.36,3.7,86.38,31.17,1.04,4.85
936,Lotus stem pickle,102.69,20.07,1.44,1.6,2.53,8.58,181.83,137.73,20.57,12.35
937,Date pickle,182.29,34.66,1.68,4.21,30.47,5.2,138.86,41.49,1.96,3.46
938,Garlic pickle,413.62,9.75,3.72,39.88,2.32,5.13,269.12,54.66,1.82,7.33
939,Fermented bamboo shoot pickle,59.83,1.73,1.58,5.59,0.29,2.24,161.31,16.62,0.69,19.87
940,Sweet peach pickle,144.64,37.01,0.46,0.2,36.46,1.32,33.04,11.99,0.33,7.36
941,Pickled mustard greens,13.12,1.05,1.51,0.22,0.02,1.7,242.36,81.44,1.22,301.6
942,Small onion pickle,16.86,2.76,1.65,0.64,2.99,1.09,249.48,31.95,1.2,19.37
943,Green tomato pickle,193.26,2.87,1.23,19.67,0.77,1.74,159.18,14.22,0.77,8.21
944,Pickled cabbage,13.69,2.56,0.39,0.14,2.08,0.61,121.39,15.96,0.19,16.63
945,Coconut pickle,517.26,11.53,3.02,51.71,8.98,6.35,176.54,44.78,2.62,1.71
946,Potato pickle,369.14,7.87,2.07,36.46,0.82,2.21,213.73,48.46,1.12,10.14
947,Mango murabba candy,293.35,77.32,0.27,0.05,74.73,0.95,13.71,16.55,0.33,19.85
948,Afghani chicken,151.51,1.95,15.66,9.07,0.83,0.31,87.02,35.14,1.04,3.54
949,Fish orly,563.7,4.27,5.87,58.18,0.24,0.33,136.37,9.55,0.31,1.35
950,Hariyali Fish Tikka,150.24,2.21,14.01,9.41,0.83,0.99,100.45,34.86,0.83,11.11
951,Chicken manchurian,142.34,6.06,9.53,11.96,0.9,0.41,2414.77,26.52,1.28,10.37
952,Handi chicken,166.02,1.49,12.32,12.46,0.75,0.67,75.64,26.85,0.93,1.47
953,Lemon chicken,169.79,0.55,20.2,9.66,0.16,0.16,79.93,17.4,0.95,8.94
954,Lemon butter fish,160.25,0.75,16.38,10.26,0.23,0.36,187.72,18.66,0.4,8.7
955,Baked eggs in tomato sauce,80.05,3.78,4.92,5.22,2.03,0.01,188.21,71.94,1.31,245.7
956,Egg in a pepper,128.78,0.17,12.64,8.68,0.05,0.17,183.89,48.25,1.76,33.6
957,Spinach mushroom scrambled egg,158.85,0.59,13.28,11.51,0.1,0.39,227.97,140.31,1.6,2.27
958,Corn omelette/omlet,166.93,1.57,11.37,12.89,0.41,0.02,166.42,96.22,1.34,2.9
959,Cajun chicken,184.94,1.94,12.69,13.99,1.1,0.89,1740.13,156.98,0.53,45.44
960,Paaner do pyaza,127.7,3.41,4.22,10.87,2.2,0.84,160.66,57.22,0.45,16.81
961,Cabbage manchurian,224.26,4.85,0.64,22.48,0.33,0.37,75.02,3.18,0.2,28.39
962,Paneer lababdar,105.48,3.37,3.98,8.46,1.96,1.16,142.45,55.56,0.56,27.48
963,Roasted cauliflower steak,78.68,2.02,2.05,6.7,0.44,3.53,120.19,24.47,0.95,47.14
964,Sauteed radishes with green beans,94.32,6.04,2.41,6.61,1.78,3.52,65.1,40.2,1.01,6.55
965,Garlic chutney/Poondu chutney,255.51,20.44,3.34,17.55,13.36,5.15,177.62,63.51,3.26,5.7
966,Schezwan chutney,205.19,10.79,3.33,17.72,5.66,5.72,486.27,35.46,1.96,26.36
967,Onion chutney,143.94,13.52,2.97,8.38,6.8,4.6,256.89,28.5,1.19,2.83
968,Dates chutney,103.57,21.69,1.07,1.12,18.68,3.41,76.77,28.72,1.19,3.41
969,Chicken salad,338.19,1.3,15.33,30.26,0.96,2.0,50.62,43.19,1.23,4.92
970,Cabbage raita,84.84,5.25,3.24,5.76,4.21,0.93,125.31,118.49,0.19,28.29
971,Pomegranate raita,72.64,7.15,4.05,3.24,7.01,0.6,195.18,138.31,0.25,4.6
972,Onion raita,71.56,7.86,4.86,2.43,7.07,0.65,189.96,163.8,0.3,8.44
973,Green chilli raita,77.13,7.66,5.58,2.92,7.49,0.26,161.31,193.58,0.21,4.3
974,Kale salad,177.71,5.01,4.86,15.33,3.31,1.36,292.04,109.11,1.3,30.49
975,Spinach and paneer souffle,186.19,9.64,7.56,13.49,2.81,1.07,434.68,114.32,1.4,10.82
976,Masala souffle,123.51,8.02,6.38,7.37,1.84,1.24,131.14,103.68,0.74,382.64
977,Chicken and cheese souffle,182.35,3.47,9.07,14.74,2.46,0.26,120.93,61.71,0.63,2.4
978,Tamarind chutney,109.15,25.07,0.88,0.48,22.85,1.65,75.61,40.3,1.95,0.03
979,Green chutney,79.42,10.01,5.42,1.6,0.92,5.84,262.81,112.74,4.58,7.35
980,Sago khitchdi/khichri,187.16,22.41,2.72,10.1,1.03,1.82,100.26,15.13,0.86,13.41
981,Gram flour chilla/cheela,135.93,21.03,7.8,2.85,1.87,4.25,135.57,28.38,2.19,1.73
982,Vegetable namkeen jave,112.23,18.98,2.93,2.51,1.04,2.86,32.13,10.32,1.07,12.45
983,Quinoa khichdi/khichri,64.01,8.83,3.18,1.59,0.69,2.58,69.64,24.59,1.12,9.13
984,Veg manchurian,585.64,6.82,0.89,61.65,0.76,1.16,65.31,16.79,0.31,15.1
985,Bhel puri,509.89,16.47,3.52,47.91,3.41,2.24,93.98,24.22,1.29,31.61
986,Spicy corn chaat,479.8,11.45,4.61,46.55,0.95,2.17,86.5,17.28,0.84,14.1
987,Jackfruit fritters,597.79,24.0,2.34,54.41,11.48,1.5,46.39,24.62,1.15,0.32
988,Banana chips,665.67,7.32,0.37,70.46,4.37,0.65,86.87,2.01,0.19,4.03
989,Wheat cake,314.63,41.13,4.79,14.95,25.79,2.76,82.96,98.91,1.08,0.76
990,Mango cheesecake,152.46,20.06,2.39,7.3,15.36,1.14,107.12,55.1,0.53,24.93
991,Carrot cake,255.59,35.98,5.6,10.27,23.96,2.93,158.74,156.1,1.03,3.12
992,Semolina cake,374.14,31.32,6.58,25.18,18.86,5.37,91.36,128.28,1.36,0.94
993,Finger millet cake,279.46,38.93,3.96,12.27,24.76,2.35,98.26,118.38,1.35,0.76
994,Honey cake,333.59,49.04,3.08,14.7,33.43,0.51,72.55,50.86,0.46,0.53
995,Almond cardamom cake,356.35,34.53,7.18,21.36,18.06,2.35,155.37,81.29,1.29,0.37
996,Tutti frutti cake,347.72,52.94,4.49,12.68,28.08,0.85,106.36,61.41,0.62,1.9
997,Whey soup,68.91,6.26,3.45,3.34,5.87,0.84,87.08,164.92,0.55,2.55
998,Bottle gourd soup,23.05,1.16,0.45,1.79,0.39,0.96,53.81,15.14,0.26,6.0
999,Baked potato soup,147.05,5.85,5.73,11.21,3.44,0.3,268.69,106.56,0.27,18.93
1000,Pumpkin soup,40.05,2.08,0.47,3.2,1.47,1.19,45.5,12.17,0.19,11.5
1001,Sweet corn soup,32.25,3.56,0.99,1.63,0.9,0.31,22.35,3.72,0.41,10.33
1002,Paneer soup,47.85,2.42,3.22,2.8,1.98,0.28,68.03,82.76,0.3,7.59
1003,Curried Cauliflower soup,37.32,3.12,6.72,9.77,1.79,2.34,7311.44,37.25,2.12,51.86
1004,Millet soup,55.99,8.22,11.26,12.57,1.45,2.82,10918.83,65.21,2.74,4.23
1005,Lemon coriander soup,108.06,10.32,2.27,6.26,2.2,6.77,219.17,102.57,3.47,8.6
1006,Garlic soup,194.86,6.99,2.38,17.62,2.39,1.66,179.26,60.55,0.73,11.12
1007,Dal makhani,74.04,7.96,3.32,3.06,0.8,2.27,41.85,20.62,1.23,9.19
1008,Split bengal gram dal,99.67,9.99,4.15,4.62,0.98,3.72,46.4,21.99,1.92,13.38
1009,Horsegram dal,55.65,8.21,2.91,1.13,0.72,1.52,63.63,38.22,1.3,13.98
1010,Panchmel dal,111.22,10.71,4.63,5.36,0.75,3.2,79.46,23.05,1.42,8.49
1011,Gujarati handvo,207.09,31.86,8.24,4.8,2.51,4.95,308.55,68.21,2.03,31.39
1012,Bread roll,435.46,16.12,2.85,40.25,0.94,1.45,139.34,44.83,0.71,6.79
1013,Soya seekh kebab,115.05,10.0,5.4,5.88,0.51,2.24,92.25,15.67,1.26,8.56
1014,Classic seasoned black beans,28.78,7.66,8.01,8.28,0.44,3.51,7989.07,40.11,1.9,8.54
1015,Maa chaane ki dal,344.67,43.11,19.8,9.5,1.05,13.45,43.31,68.65,5.97,1.43
1016,Garlic chickpea soup,89.53,13.92,4.45,2.01,2.65,2.84,79.73,13.93,0.96,13.24
1017,White sauce,115.17,6.58,3.31,8.41,4.58,0.07,23.91,110.2,0.19,
1018,White sauce,151.27,7.98,3.36,11.76,4.32,0.14,22.59,103.53,0.22,
1019,White sauce,209.69,10.24,3.43,17.19,3.9,0.24,20.45,92.74,0.27,
1020,Cheese sauce,194.76,7.08,7.68,15.12,4.53,0.12,317.38,255.14,0.31,
1021,Egg sauce,146.85,5.88,5.97,11.08,3.19,0.12,51.54,89.49,0.65,
1022,Mushroom sauce,137.56,7.31,3.39,10.51,3.86,0.47,20.94,94.1,0.22,
1023,Mustard sauce,158.58,8.29,3.98,12.17,4.22,0.13,22.16,109.03,0.44,
1024,Brown sauce,109.18,5.38,11.92,23.67,0.13,1.69,14174.59,40.44,2.46,
1025,Pasta spinach sauce,85.46,1.76,1.76,7.9,1.04,0.86,115.79,58.57,1.23,
1026,Pasta cheese sauce,149.26,9.0,4.33,10.84,4.22,0.14,255.95,152.68,0.25,
1027,Mayonnaise,774.86,1.65,1.86,84.52,1.44,0.11,272.89,15.36,0.51,
1028,Low calorie quick mayonnaise,242.89,4.71,1.41,24.35,0.83,0.06,165.94,6.47,0.25,
1029,Thousand island dressing,407.87,4.49,1.37,42.87,3.1,0.46,946.1,9.11,0.45,
1030,Curd dip,79.95,7.95,5.04,3.36,7.12,0.1,301.07,167.17,0.25,
1031,Short crust pastry,422.1,44.72,6.11,23.98,3.18,1.58,97.2,16.9,1.02,
1032,Choux pastry,222.37,16.2,5.55,14.96,1.5,0.56,132.28,19.43,0.83,
1033,Flaky pastry,443.94,33.61,4.69,31.99,0.81,1.25,178.52,9.28,0.83,
1034,Sponge cake,253.77,44.63,9.18,4.74,26.33,0.69,64.61,30.22,1.47,
1035,Glace icing,323.51,86.31,0.01,0.01,85.35,0.0,9.88,1.95,0.41,
1036,Royal icing,332.58,86.53,1.74,0.02,85.57,0.0,36.5,2.87,0.42,
1037,American frosting,257.57,67.48,1.05,0.01,67.46,0.0,19.33,7.05,0.14,
1038,Gum icing,223.07,53.19,5.94,0.0,52.63,0.0,29.32,18.62,0.4,
1039,Channa murmura premix,339.09,72.59,10.59,3.28,1.52,8.21,206.28,21.36,4.58,
1040,Cracked wheat and green gram dal premix,362.16,64.75,15.89,5.11,0.63,11.66,3.25,49.03,4.28,
1041,Rice flakes and roasted channa,333.4,71.94,10.57,2.94,1.31,8.84,205.51,17.23,4.51,
1042,Spinach soup in milk,56.72,3.98,2.89,3.2,3.34,0.79,31.16,106.1,1.08,
1043,Vegetable soup,55.21,7.6,2.22,1.55,1.61,3.01,170.68,18.1,0.63,
1044,Mashed banana with milk,95.43,14.62,2.51,2.99,11.35,0.71,16.99,78.64,0.23,
1045,Poha with curd,173.32,26.72,6.01,4.65,5.46,1.09,325.07,140.9,1.61,
1046,Potato with curd,73.18,12.01,3.19,1.33,3.3,1.02,190.9,85.41,0.38,
1047,Sweet wheat porridge,140.66,23.77,5.11,2.79,12.23,2.37,24.63,99.18,1.98,
1048,Vegetable khichdi/khichri,143.17,19.57,5.61,4.53,3.71,2.45,193.55,100.54,1.09,
1049,Moong dal mixture,158.84,33.93,4.62,1.0,24.68,1.9,29.6,70.53,1.25,
1050,Cracked wheat khichri/khichdi,167.45,22.35,7.56,5.52,3.79,3.74,224.95,123.04,2.17,
1051,Stewed apple,91.93,22.49,0.17,0.37,20.45,1.48,1.53,9.25,0.18,
1052,Lemon squash,184.56,48.88,0.15,0.06,48.88,0.0,15.01,9.85,0.18,
1053,Orange squash,193.26,50.88,0.22,0.04,50.56,0.4,14.85,10.62,0.34,
1054,Lichi squash,198.33,51.96,0.3,0.08,51.31,0.41,14.56,6.39,0.34,
1055,Mango squash,194.66,50.96,0.17,0.17,50.84,0.58,14.81,9.47,0.25,
1056,Pineapple squash,195.02,51.34,0.16,0.05,51.08,1.06,14.84,7.96,0.18,
1057,Lemon and ginger squash,170.34,44.06,0.54,0.21,42.53,1.07,16.19,11.18,0.52,
1058,Apple jam,188.79,48.56,0.14,0.32,46.76,1.29,2.71,10.84,0.21,
1059,Plum jam,178.89,46.2,0.31,0.19,45.25,1.0,2.67,7.5,0.2,
1060,Pineapple jam,149.18,38.27,0.32,0.15,37.44,2.2,2.45,10.47,0.24,
1061,Guava jelly,115.74,28.18,1.11,0.25,27.38,6.61,3.36,16.55,0.29,
1062,Orange marmalade,104.17,25.94,0.66,0.13,25.09,1.97,2.31,17.59,0.63,
1063,Carrot murabba,175.24,45.6,0.32,0.16,44.83,1.39,19.53,15.86,0.28,
1064,Gooseberry marmalade,123.16,32.34,0.14,0.03,28.61,0.0,216.89,16.4,0.38,
1065,Ginger candy,195.71,50.38,0.69,0.27,47.99,1.67,5.4,10.43,0.68,
1066,Mango pickle,192.12,8.11,1.6,17.89,1.79,3.68,3429.94,48.97,1.44,
1067,Mixed vegetable pickle,211.2,7.48,1.9,19.68,2.77,2.76,2488.32,42.81,2.12,
1068,Sweet lemon pickle,69.54,16.87,1.22,0.21,14.63,2.13,6415.9,42.57,1.02,
1069,Plum chutney,177.11,44.95,0.47,0.29,43.9,1.37,216.81,12.38,0.34,
1070,Raw mango chutney,193.13,49.94,0.51,0.16,45.22,2.17,480.68,25.92,0.48,
1071,Tomato sauce,34.33,7.23,0.81,0.27,5.69,1.79,174.79,13.0,0.31,
1072,Tomato puree,20.62,3.68,0.75,0.25,2.32,1.56,244.99,8.91,0.22,
1073,Garam masala,254.21,26.2,9.89,10.97,1.79,35.56,58.33,609.77,14.51,
1074,Chat masala,222.58,23.87,8.19,9.91,0.79,18.62,11873.64,519.5,13.27,
1075,Kashmiri masala,389.02,23.16,8.26,31.03,2.41,12.12,3106.14,303.49,14.72,
1076,Tartare sauce,610.93,2.96,1.44,66.12,2.18,0.42,256.95,21.06,0.56,
1077,Barbeque sauce,121.93,20.46,0.96,4.51,18.88,0.69,504.95,28.61,1.15,
1078,Bread sauce,111.04,8.69,3.46,7.05,4.63,0.56,88.84,110.72,0.31,
1079,Green chilli sauce,46.06,7.36,1.25,0.27,5.36,1.77,1037.04,9.89,0.64,
1080,Home made plain noodles,238.78,44.5,6.21,3.56,1.07,1.65,182.07,12.27,1.07,
1081,Dal moong,43.69,4.92,2.2,1.62,0.13,1.08,117.74,7.69,0.52,
1082,Onion tomato baghar,137.52,6.17,1.26,11.98,3.51,2.12,31.33,20.45,0.63,
1083,Hot cherry sauce,252.74,67.95,0.13,0.07,17.65,0.0,105.81,24.82,0.45,
1084,Apple jelly,152.13,39.37,0.1,0.21,38.18,0.86,2.14,7.89,0.15,
1085,Marmalade,143.76,37.64,0.23,0.04,37.29,0.43,2.16,9.84,0.34,
1086,Plum squash,211.17,55.51,0.16,0.1,55.02,0.52,12.71,6.9,0.16,
1087,Lemon green chilli pickle,14.07,2.14,0.85,0.24,1.0,1.07,7559.38,20.05,0.55,
1088,Brinjal pickle,139.01,4.23,2.24,12.98,1.07,4.62,3507.59,37.28,2.16,
1089,Sweet and sour tomato pickle,60.88,6.55,1.26,3.24,4.31,2.2,1281.94,15.18,0.54,
1090,Jhatpat achar with carrot,91.21,6.32,1.98,6.55,3.04,5.08,2067.33,54.31,2.32,
1091,Tomato chutney,176.07,31.85,0.97,6.01,30.02,1.49,823.65,25.34,0.96,
1092,Tomato ketchup,33.07,6.48,0.91,0.3,4.68,1.9,177.97,15.33,0.36,
